Order_ID,Order_Date,Customer_ID,Customer_Name,Region,State,City,Category,Product,Quantity,Unit_Price,Discount,Sales,Profit
ORD-0001,2025-07-08,1072,Customer 1072,North,Haryana,Gurugram,Office Supplies,Stapler,5,171.49,0.0,857.45,30.7
ORD-0002,2025-10-21,1088,Customer 1088,South,Kerala,Thiruvananthapuram,Home Appliances,Electric Kettle,2,1618.2,0.0,3236.4,303.49
ORD-0003,2025-07-07,1170,Customer 1170,North,Haryana,Gurugram,Home Appliances,Blender,3,4412.31,0.2,10589.54,1160.82
ORD-0004,2025-03-30,1132,Customer 1132,North,Haryana,Faridabad,Office Supplies,File Folder,4,118.86,0.05,451.67,24.23
ORD-0005,2025-02-04,1008,Customer 1008,West,Goa,Panaji,Home Appliances,Air Cooler,1,9329.02,0.1,8396.12,800.19
ORD-0006,2025-08-06,1146,Customer 1146,South,Kerala,Kozhikode,Furniture,Table Lamp,4,2860.85,0.15,9726.89,1271.76
ORD-0007,2025-07-27,1213,Customer 1213,North,Punjab,Ludhiana,Home Appliances,Air Cooler,5,9442.14,0.15,40129.09,4533.71
ORD-0008,2025-10-28,1015,Customer 1015,North,Delhi,New Delhi,Home Appliances,Vacuum Cleaner,1,5156.36,0.05,4898.54,584.59
ORD-0009,2025-10-16,1163,Customer 1163,West,Maharashtra,Nagpur,Office Supplies,Pen Set,3,129.62,0.05,369.42,17.12
ORD-0010,2025-03-03,1151,Customer 1151,South,Kerala,Kozhikode,Home Appliances,Air Cooler,5,13566.46,0.1,61049.07,12259.25
ORD-0011,2025-09-12,1218,Customer 1218,North,Delhi,New Delhi,Technology,Keyboard,3,1640.92,0.05,4676.62,281.81
ORD-0012,2025-08-10,1096,Customer 1096,East,West Bengal,Kolkata,Office Supplies,Notebook,5,147.31,0.05,699.72,130.74
ORD-0013,2025-06-19,1066,Customer 1066,West,Gujarat,Surat,Home Appliances,Electric Kettle,5,1879.96,0.0,9399.8,1254.3
ORD-0014,2025-12-14,1247,Customer 1247,East,Odisha,Bhubaneswar,Home Appliances,Electric Kettle,1,1931.41,0.0,1931.41,162.13
ORD-0015,2025-05-17,1198,Customer 1198,North,Haryana,Gurugram,Home Appliances,Vacuum Cleaner,5,11924.36,0.05,56640.71,5506.1
ORD-0016,2025-02-21,1062,Customer 1062,East,West Bengal,Kolkata,Home Appliances,Blender,4,3758.91,0.05,14283.86,1467.87
ORD-0017,2025-02-23,1220,Customer 1220,North,Punjab,Ludhiana,Technology,Keyboard,5,1321.13,0.1,5945.09,958.88
ORD-0018,2025-09-12,1123,Customer 1123,West,Rajasthan,Udaipur,Furniture,Table Lamp,5,2154.3,0.1,9694.35,1481.57
ORD-0019,2025-12-15,1070,Customer 1070,East,Bihar,Patna,Technology,Laptop,3,68635.72,0.1,185316.44,7876.34
ORD-0020,2025-05-08,1052,Customer 1052,East,Bihar,Patna,Office Supplies,Stapler,2,396.44,0.1,713.59,131.28
ORD-0021,2025-12-12,1144,Customer 1144,West,Rajasthan,Udaipur,Office Supplies,Printer Paper,1,456.65,0.05,433.82,87.07
ORD-0022,2025-01-09,1247,Customer 1247,East,Bihar,Patna,Technology,Headphones,1,3225.42,0.1,2902.88,539.93
ORD-0023,2025-04-23,1075,Customer 1075,East,Jharkhand,Ranchi,Home Appliances,Blender,4,6992.77,0.1,25173.97,1449.94
ORD-0024,2025-12-04,1110,Customer 1110,North,Punjab,Ludhiana,Office Supplies,Notebook,2,266.81,0.1,480.26,34.52
ORD-0025,2025-05-15,1248,Customer 1248,East,Jharkhand,Ranchi,Technology,Headphones,3,5014.15,0.1,13538.2,841.44
ORD-0026,2025-01-27,1027,Customer 1027,West,Gujarat,Surat,Office Supplies,File Folder,2,89.01,0.1,160.22,23.37
ORD-0027,2025-02-04,1004,Customer 1004,East,Bihar,Patna,Home Appliances,Vacuum Cleaner,1,5436.04,0.2,4348.83,580.17
ORD-0028,2025-10-07,1037,Customer 1037,East,West Bengal,Kolkata,Furniture,Bookshelf,5,7425.47,0.2,29701.88,5920.51
ORD-0029,2025-09-13,1161,Customer 1161,North,Uttar Pradesh,Lucknow,Office Supplies,File Folder,3,63.73,0.1,172.07,34.53
ORD-0030,2025-05-31,1086,Customer 1086,East,Bihar,Patna,Home Appliances,Microwave,2,10541.64,0.05,20029.12,1684.7
ORD-0031,2025-06-19,1039,Customer 1039,South,Telangana,Hyderabad,Technology,Keyboard,2,2158.2,0.15,3668.94,748.21
ORD-0032,2025-05-22,1008,Customer 1008,North,Uttar Pradesh,Lucknow,Technology,Mouse,4,1641.26,0.0,6565.04,962.81
ORD-0033,2025-05-05,1190,Customer 1190,North,Punjab,Amritsar,Office Supplies,Pen Set,2,444.16,0.05,843.9,46.3
ORD-0034,2025-02-22,1008,Customer 1008,North,Delhi,New Delhi,Office Supplies,Stapler,4,191.22,0.1,688.39,50.46
ORD-0035,2025-05-24,1052,Customer 1052,West,Goa,Panaji,Home Appliances,Electric Kettle,5,3429.93,0.1,15434.68,793.95
ORD-0036,2025-04-27,1229,Customer 1229,South,Karnataka,Mysuru,Office Supplies,Stapler,1,347.2,0.0,347.2,71.89
ORD-0037,2025-09-29,1117,Customer 1117,East,West Bengal,Kolkata,Home Appliances,Blender,5,6189.48,0.1,27852.66,4270.53
ORD-0038,2025-03-27,1229,Customer 1229,East,Bihar,Patna,Home Appliances,Microwave,1,11418.8,0.0,11418.8,736.42
ORD-0039,2025-12-07,1218,Customer 1218,North,Uttar Pradesh,Noida,Furniture,Table Lamp,4,1098.36,0.05,4173.77,447.0
ORD-0040,2025-09-07,1223,Customer 1223,South,Telangana,Hyderabad,Technology,Mouse,3,1104.39,0.15,2816.19,484.52
ORD-0041,2025-12-06,1160,Customer 1160,North,Uttar Pradesh,Noida,Home Appliances,Microwave,4,11881.7,0.1,42774.12,5161.16
ORD-0042,2025-11-26,1168,Customer 1168,West,Maharashtra,Mumbai,Technology,Mouse,3,674.11,0.0,2022.33,156.55
ORD-0043,2025-09-21,1090,Customer 1090,West,Rajasthan,Jaipur,Office Supplies,Printer Paper,5,587.95,0.0,2939.75,574.22
ORD-0044,2025-08-05,1075,Customer 1075,North,Punjab,Amritsar,Home Appliances,Microwave,5,17675.81,0.1,79541.14,9026.64
ORD-0045,2025-04-06,1036,Customer 1036,West,Goa,Panaji,Office Supplies,Notebook,5,144.42,0.1,649.89,119.35
ORD-0046,2025-08-05,1112,Customer 1112,North,Punjab,Ludhiana,Furniture,Office Chair,5,16746.28,0.05,79544.83,2047.13
ORD-0047,2025-08-11,1206,Customer 1206,West,Goa,Panaji,Home Appliances,Blender,4,5367.19,0.1,19321.88,2492.36
ORD-0048,2025-05-24,1151,Customer 1151,West,Maharashtra,Mumbai,Technology,Mouse,1,558.85,0.15,475.02,92.88
ORD-0049,2025-11-27,1235,Customer 1235,West,Rajasthan,Jaipur,Furniture,Filing Cabinet,2,13717.87,0.1,24692.17,4345.3
ORD-0050,2025-10-10,1137,Customer 1137,East,Odisha,Bhubaneswar,Furniture,Filing Cabinet,2,6319.44,0.1,11374.99,895.54
ORD-0051,2025-11-23,1145,Customer 1145,South,Telangana,Hyderabad,Technology,Laptop,1,68675.55,0.05,65241.77,10974.05
ORD-0052,2025-05-06,1039,Customer 1039,South,Tamil Nadu,Chennai,Home Appliances,Electric Kettle,3,1783.47,0.05,5082.89,677.17
ORD-0053,2025-12-14,1001,Customer 1001,West,Maharashtra,Nagpur,Home Appliances,Vacuum Cleaner,1,8748.71,0.05,8311.27,1723.79
ORD-0054,2025-06-22,1160,Customer 1160,East,West Bengal,Kolkata,Furniture,Desk,5,11840.3,0.0,59201.5,11228.82
ORD-0055,2025-02-16,1185,Customer 1185,West,Goa,Panaji,Home Appliances,Electric Kettle,1,1698.66,0.05,1613.73,341.1
ORD-0056,2025-08-12,1074,Customer 1074,West,Goa,Panaji,Office Supplies,Notebook,4,108.82,0.05,413.52,26.74
ORD-0057,2025-08-08,1028,Customer 1028,East,Odisha,Bhubaneswar,Home Appliances,Microwave,5,17743.95,0.2,70975.8,11656.02
ORD-0058,2025-08-28,1220,Customer 1220,East,West Bengal,Kolkata,Technology,Headphones,5,1972.47,0.0,9862.35,2097.03
ORD-0059,2025-08-30,1030,Customer 1030,South,Tamil Nadu,Coimbatore,Technology,Laptop,3,46808.75,0.0,140426.25,13388.42
ORD-0060,2025-08-05,1063,Customer 1063,West,Maharashtra,Pune,Home Appliances,Blender,3,6710.59,0.15,17112.0,2186.43
ORD-0061,2025-07-16,1006,Customer 1006,East,Bihar,Patna,Technology,Headphones,5,6980.49,0.1,31412.2,5045.65
ORD-0062,2025-01-01,1078,Customer 1078,North,Delhi,New Delhi,Furniture,Bookshelf,3,6197.85,0.0,18593.55,3491.86
ORD-0063,2025-06-03,1039,Customer 1039,West,Goa,Panaji,Furniture,Table Lamp,2,1896.71,0.1,3414.08,408.13
ORD-0064,2025-04-22,1057,Customer 1057,North,Punjab,Ludhiana,Furniture,Table Lamp,5,2126.71,0.1,9570.2,888.87
ORD-0065,2025-10-13,1082,Customer 1082,South,Tamil Nadu,Coimbatore,Home Appliances,Microwave,3,8910.02,0.1,24057.05,3380.11
ORD-0066,2025-03-22,1051,Customer 1051,South,Karnataka,Mysuru,Office Supplies,Stapler,5,382.84,0.05,1818.49,328.82
ORD-0067,2025-07-24,1194,Customer 1194,South,Tamil Nadu,Chennai,Home Appliances,Vacuum Cleaner,3,10796.5,0.05,30770.02,4255.58
ORD-0068,2025-12-26,1008,Customer 1008,South,Telangana,Hyderabad,Home Appliances,Electric Kettle,4,1995.03,0.15,6783.1,804.55
ORD-0069,2025-01-05,1021,Customer 1021,South,Karnataka,Bengaluru,Furniture,Filing Cabinet,2,7507.31,0.0,15014.62,1068.16
ORD-0070,2025-03-19,1177,Customer 1177,South,Tamil Nadu,Coimbatore,Technology,Mouse,2,1366.55,0.0,2733.1,488.62
ORD-0071,2025-12-03,1061,Customer 1061,West,Goa,Panaji,Office Supplies,Pen Set,2,447.32,0.0,894.64,114.57
ORD-0072,2025-08-04,1078,Customer 1078,East,Bihar,Patna,Office Supplies,Printer Paper,2,548.99,0.0,1097.98,84.44
ORD-0073,2025-10-01,1237,Customer 1237,West,Goa,Panaji,Office Supplies,Pen Set,2,241.66,0.05,459.15,22.67
ORD-0074,2025-03-27,1231,Customer 1231,West,Maharashtra,Mumbai,Home Appliances,Microwave,2,13353.36,0.0,26706.72,2744.6
ORD-0075,2025-04-21,1146,Customer 1146,North,Delhi,New Delhi,Furniture,Bookshelf,4,8296.85,0.1,29868.66,5284.15
ORD-0076,2025-06-29,1006,Customer 1006,North,Delhi,New Delhi,Office Supplies,Printer Paper,2,493.02,0.0,986.04,134.57
ORD-0077,2025-03-11,1198,Customer 1198,North,Punjab,Amritsar,Technology,Laptop,4,79032.7,0.0,316130.8,64120.66
ORD-0078,2025-02-05,1229,Customer 1229,West,Rajasthan,Udaipur,Technology,Keyboard,2,1736.8,0.15,2952.56,64.81
ORD-0079,2025-07-22,1079,Customer 1079,South,Kerala,Thiruvananthapuram,Furniture,Bookshelf,2,6239.83,0.1,11231.69,906.63
ORD-0080,2025-02-16,1140,Customer 1140,North,Uttar Pradesh,Lucknow,Office Supplies,Stapler,1,321.5,0.05,305.42,48.39
ORD-0081,2025-06-27,1134,Customer 1134,West,Rajasthan,Jaipur,Home Appliances,Vacuum Cleaner,2,10486.03,0.1,18874.85,1301.02
ORD-0082,2025-09-22,1017,Customer 1017,West,Maharashtra,Mumbai,Home Appliances,Blender,3,4865.83,0.1,13137.74,2610.52
ORD-0083,2025-05-17,1078,Customer 1078,East,Odisha,Bhubaneswar,Technology,Mouse,2,653.73,0.0,1307.46,222.82
ORD-0084,2025-08-17,1105,Customer 1105,East,Bihar,Patna,Home Appliances,Vacuum Cleaner,4,6636.56,0.0,26546.24,4778.74
ORD-0085,2025-03-30,1042,Customer 1042,North,Delhi,New Delhi,Furniture,Table Lamp,2,2578.18,0.05,4898.54,535.62
ORD-0086,2025-06-02,1225,Customer 1225,West,Rajasthan,Jaipur,Furniture,Office Chair,1,16794.89,0.05,15955.15,1939.84
ORD-0087,2025-06-28,1135,Customer 1135,South,Tamil Nadu,Chennai,Office Supplies,Pen Set,2,155.71,0.1,280.28,42.12
ORD-0088,2025-04-07,1038,Customer 1038,East,West Bengal,Kolkata,Office Supplies,Pen Set,5,199.4,0.1,897.3,38.8
ORD-0089,2025-10-21,1118,Customer 1118,West,Gujarat,Ahmedabad,Furniture,Filing Cabinet,5,5995.69,0.15,25481.68,1708.71
ORD-0090,2025-06-22,1076,Customer 1076,North,Haryana,Faridabad,Technology,Headphones,2,1270.78,0.1,2287.4,304.55
ORD-0091,2025-12-26,1074,Customer 1074,East,Bihar,Patna,Office Supplies,File Folder,2,172.62,0.0,345.24,50.16
ORD-0092,2025-06-20,1060,Customer 1060,West,Goa,Panaji,Technology,Laptop,4,49088.51,0.15,166900.93,33596.21
ORD-0093,2025-02-20,1122,Customer 1122,North,Uttar Pradesh,Lucknow,Office Supplies,Printer Paper,5,291.7,0.15,1239.72,271.51
ORD-0094,2025-11-09,1182,Customer 1182,South,Tamil Nadu,Coimbatore,Technology,Headphones,1,6245.4,0.1,5620.86,845.77
ORD-0095,2025-04-27,1057,Customer 1057,North,Punjab,Ludhiana,Technology,Headphones,2,3134.3,0.05,5955.17,714.25
ORD-0096,2025-05-08,1017,Customer 1017,West,Gujarat,Ahmedabad,Furniture,Desk,3,7492.7,0.15,19106.38,1558.61
ORD-0097,2025-10-12,1177,Customer 1177,East,West Bengal,Kolkata,Home Appliances,Vacuum Cleaner,3,11322.64,0.0,33967.92,5853.19
ORD-0098,2025-03-04,1086,Customer 1086,North,Uttar Pradesh,Noida,Home Appliances,Blender,5,3422.31,0.05,16255.97,1623.91
ORD-0099,2025-02-01,1062,Customer 1062,East,Bihar,Patna,Office Supplies,Pen Set,5,349.99,0.05,1662.45,311.02
ORD-0100,2025-04-23,1246,Customer 1246,West,Gujarat,Surat,Technology,Keyboard,2,1594.62,0.1,2870.32,187.04
ORD-0101,2025-06-11,1202,Customer 1202,East,Odisha,Bhubaneswar,Office Supplies,Pen Set,4,420.3,0.2,1344.96,237.36
ORD-0102,2025-09-12,1216,Customer 1216,North,Haryana,Gurugram,Home Appliances,Blender,5,5475.24,0.05,26007.39,3302.98
ORD-0103,2025-03-19,1088,Customer 1088,West,Goa,Panaji,Home Appliances,Microwave,3,17626.49,0.15,44947.55,3107.63
ORD-0104,2025-05-31,1161,Customer 1161,West,Gujarat,Ahmedabad,Office Supplies,Printer Paper,5,260.61,0.0,1303.05,192.97
ORD-0105,2025-07-14,1234,Customer 1234,West,Maharashtra,Nagpur,Furniture,Office Chair,4,15967.85,0.05,60677.83,11212.04
ORD-0106,2025-12-08,1250,Customer 1250,West,Goa,Panaji,Technology,Mouse,4,596.16,0.15,2026.94,226.93
ORD-0107,2025-01-09,1014,Customer 1014,South,Karnataka,Bengaluru,Home Appliances,Blender,2,5667.39,0.05,10768.04,556.57
ORD-0108,2025-08-03,1098,Customer 1098,South,Kerala,Kochi,Home Appliances,Microwave,5,8183.91,0.15,34781.62,2022.01
ORD-0109,2025-03-17,1153,Customer 1153,North,Delhi,New Delhi,Furniture,Desk,5,7164.94,0.0,35824.7,6700.93
ORD-0110,2025-11-05,1249,Customer 1249,East,West Bengal,Kolkata,Home Appliances,Microwave,2,17144.12,0.05,32573.83,3524.76
ORD-0111,2025-07-12,1107,Customer 1107,East,Odisha,Bhubaneswar,Home Appliances,Microwave,3,8903.37,0.1,24039.1,932.76
ORD-0112,2025-08-15,1232,Customer 1232,North,Haryana,Gurugram,Office Supplies,Stapler,2,250.89,0.2,401.42,26.07
ORD-0113,2025-08-15,1211,Customer 1211,West,Goa,Panaji,Furniture,Table Lamp,4,818.28,0.05,3109.46,479.05
ORD-0114,2025-10-23,1201,Customer 1201,North,Delhi,New Delhi,Furniture,Desk,1,13191.9,0.1,11872.71,1772.65
ORD-0115,2025-04-12,1222,Customer 1222,South,Kerala,Kozhikode,Office Supplies,Pen Set,2,141.24,0.05,268.36,44.78
ORD-0116,2025-01-12,1047,Customer 1047,North,Haryana,Gurugram,Technology,Monitor,3,18518.92,0.15,47223.25,7125.51
ORD-0117,2025-12-31,1059,Customer 1059,South,Kerala,Kozhikode,Furniture,Office Chair,2,6473.12,0.1,11651.62,2555.45
ORD-0118,2025-01-07,1117,Customer 1117,West,Gujarat,Ahmedabad,Technology,Monitor,1,11503.79,0.0,11503.79,1197.59
ORD-0119,2025-04-13,1187,Customer 1187,West,Rajasthan,Udaipur,Office Supplies,Stapler,1,334.56,0.05,317.83,45.03
ORD-0120,2025-07-02,1218,Customer 1218,West,Goa,Panaji,Office Supplies,File Folder,4,120.14,0.15,408.48,53.28
ORD-0121,2025-04-18,1170,Customer 1170,North,Uttar Pradesh,Lucknow,Technology,Monitor,2,9317.21,0.15,15839.26,456.81
ORD-0122,2025-02-08,1227,Customer 1227,East,Jharkhand,Ranchi,Technology,Monitor,4,9684.89,0.0,38739.56,1843.08
ORD-0123,2025-12-25,1158,Customer 1158,West,Maharashtra,Pune,Home Appliances,Air Cooler,4,13638.24,0.0,54552.96,3584.15
ORD-0124,2025-10-20,1190,Customer 1190,East,Odisha,Bhubaneswar,Furniture,Desk,1,11158.98,0.15,9485.13,604.58
ORD-0125,2025-10-20,1250,Customer 1250,East,Bihar,Patna,Technology,Mouse,5,762.58,0.1,3431.61,691.3
ORD-0126,2025-07-18,1153,Customer 1153,South,Kerala,Thiruvananthapuram,Home Appliances,Electric Kettle,4,1349.47,0.05,5127.99,1033.73
ORD-0127,2025-11-09,1226,Customer 1226,South,Tamil Nadu,Chennai,Office Supplies,File Folder,2,45.14,0.2,72.22,12.76
ORD-0128,2025-08-29,1122,Customer 1122,North,Haryana,Faridabad,Furniture,Office Chair,5,9122.8,0.1,41052.6,4456.67
ORD-0129,2025-03-30,1239,Customer 1239,South,Kerala,Kochi,Office Supplies,Pen Set,1,457.97,0.15,389.27,49.32
ORD-0130,2025-08-14,1195,Customer 1195,North,Delhi,New Delhi,Office Supplies,Stapler,4,131.69,0.05,500.42,99.22
ORD-0131,2025-06-25,1133,Customer 1133,West,Gujarat,Surat,Furniture,Table Lamp,2,1924.99,0.2,3079.98,135.29
ORD-0132,2025-08-12,1045,Customer 1045,South,Telangana,Hyderabad,Technology,Laptop,5,81260.55,0.1,365672.48,57567.45
ORD-0133,2025-12-02,1147,Customer 1147,North,Punjab,Ludhiana,Technology,Headphones,4,6133.37,0.15,20853.46,3211.95
ORD-0134,2025-06-04,1191,Customer 1191,South,Telangana,Hyderabad,Technology,Headphones,4,2119.91,0.15,7207.69,1555.15
ORD-0135,2025-06-07,1107,Customer 1107,South,Telangana,Hyderabad,Office Supplies,Printer Paper,2,577.19,0.15,981.22,148.25
ORD-0136,2025-01-17,1233,Customer 1233,South,Karnataka,Bengaluru,Home Appliances,Vacuum Cleaner,2,11340.06,0.1,20412.11,4002.67
ORD-0137,2025-03-01,1063,Customer 1063,North,Uttar Pradesh,Noida,Furniture,Desk,5,8537.65,0.15,36285.01,6571.43
ORD-0138,2025-07-12,1145,Customer 1145,East,Odisha,Bhubaneswar,Office Supplies,Notebook,2,100.17,0.15,170.29,35.96
ORD-0139,2025-01-07,1125,Customer 1125,West,Rajasthan,Udaipur,Home Appliances,Air Cooler,5,7199.11,0.05,34195.77,4005.67
ORD-0140,2025-01-04,1029,Customer 1029,South,Tamil Nadu,Coimbatore,Furniture,Desk,1,8532.9,0.15,7252.96,883.61
ORD-0141,2025-03-25,1175,Customer 1175,East,Odisha,Bhubaneswar,Office Supplies,Stapler,3,210.18,0.2,504.43,35.26
ORD-0142,2025-05-27,1006,Customer 1006,West,Goa,Panaji,Technology,Headphones,1,3765.33,0.05,3577.06,317.49
ORD-0143,2025-10-08,1241,Customer 1241,West,Goa,Panaji,Furniture,Filing Cabinet,4,10064.75,0.05,38246.05,5790.91
ORD-0144,2025-03-20,1008,Customer 1008,North,Delhi,New Delhi,Technology,Laptop,3,78791.33,0.1,212736.59,35626.97
ORD-0145,2025-01-15,1046,Customer 1046,South,Karnataka,Mysuru,Technology,Mouse,1,401.72,0.1,361.55,57.64
ORD-0146,2025-04-27,1214,Customer 1214,East,Bihar,Patna,Technology,Laptop,2,76902.36,0.05,146114.48,20671.52
ORD-0147,2025-02-01,1166,Customer 1166,South,Karnataka,Bengaluru,Furniture,Desk,3,17424.73,0.15,44433.06,8832.78
ORD-0148,2025-03-17,1145,Customer 1145,East,West Bengal,Kolkata,Furniture,Bookshelf,1,8567.24,0.0,8567.24,1185.79
ORD-0149,2025-12-19,1242,Customer 1242,East,Jharkhand,Ranchi,Technology,Monitor,2,15945.15,0.15,27106.75,1134.99
ORD-0150,2025-05-02,1174,Customer 1174,South,Karnataka,Mysuru,Furniture,Desk,2,19321.61,0.0,38643.22,5510.81
ORD-0151,2025-03-14,1006,Customer 1006,West,Gujarat,Ahmedabad,Technology,Keyboard,1,1976.31,0.15,1679.86,262.84
ORD-0152,2025-07-27,1084,Customer 1084,West,Rajasthan,Jaipur,Furniture,Bookshelf,4,8779.81,0.1,31607.32,4580.93
ORD-0153,2025-01-12,1246,Customer 1246,South,Karnataka,Mysuru,Home Appliances,Microwave,4,9595.45,0.15,32624.53,1971.3
ORD-0154,2025-11-05,1119,Customer 1119,East,West Bengal,Kolkata,Home Appliances,Vacuum Cleaner,3,6616.73,0.0,19850.19,3261.28
ORD-0155,2025-08-31,1202,Customer 1202,West,Rajasthan,Udaipur,Home Appliances,Blender,3,3602.81,0.05,10268.01,647.15
ORD-0156,2025-10-20,1024,Customer 1024,West,Gujarat,Ahmedabad,Technology,Headphones,4,5465.03,0.1,19674.11,2540.72
ORD-0157,2025-12-20,1117,Customer 1117,East,Odisha,Bhubaneswar,Office Supplies,Notebook,4,315.82,0.15,1073.79,134.05
ORD-0158,2025-01-18,1237,Customer 1237,South,Kerala,Kozhikode,Office Supplies,Printer Paper,5,543.25,0.0,2716.25,414.19
ORD-0159,2025-01-02,1078,Customer 1078,East,Odisha,Bhubaneswar,Office Supplies,Printer Paper,5,591.75,0.05,2810.81,195.83
ORD-0160,2025-11-22,1231,Customer 1231,East,Odisha,Bhubaneswar,Office Supplies,Notebook,1,185.59,0.2,148.47,11.91
ORD-0161,2025-06-13,1184,Customer 1184,East,Jharkhand,Ranchi,Office Supplies,Notebook,5,144.0,0.0,720.0,145.0
ORD-0162,2025-12-27,1094,Customer 1094,North,Punjab,Ludhiana,Home Appliances,Microwave,1,12494.34,0.1,11244.91,2481.12
ORD-0163,2025-06-24,1107,Customer 1107,East,West Bengal,Kolkata,Furniture,Table Lamp,5,1927.08,0.1,8671.86,1466.54
ORD-0164,2025-05-10,1078,Customer 1078,West,Maharashtra,Pune,Office Supplies,Stapler,1,295.29,0.15,251.0,15.61
ORD-0165,2025-06-28,1161,Customer 1161,North,Haryana,Gurugram,Furniture,Filing Cabinet,4,6335.09,0.2,20272.29,4734.06
ORD-0166,2025-08-11,1039,Customer 1039,South,Kerala,Kochi,Furniture,Office Chair,3,11866.16,0.1,32038.63,2689.27
ORD-0167,2025-01-08,1234,Customer 1234,East,Odisha,Bhubaneswar,Technology,Mouse,2,663.69,0.1,1194.64,94.05
ORD-0168,2025-04-24,1218,Customer 1218,North,Haryana,Gurugram,Office Supplies,Printer Paper,2,497.14,0.15,845.14,136.49
ORD-0169,2025-01-01,1033,Customer 1033,South,Telangana,Hyderabad,Home Appliances,Blender,3,7204.38,0.15,18371.17,2883.68
ORD-0170,2025-03-04,1198,Customer 1198,South,Tamil Nadu,Coimbatore,Furniture,Table Lamp,1,2692.81,0.2,2154.25,413.22
ORD-0171,2025-04-12,1098,Customer 1098,West,Goa,Panaji,Office Supplies,Notebook,4,260.25,0.15,884.85,146.26
ORD-0172,2025-03-30,1054,Customer 1054,West,Maharashtra,Pune,Office Supplies,File Folder,5,85.44,0.05,405.84,42.0
ORD-0173,2025-08-12,1049,Customer 1049,North,Delhi,New Delhi,Home Appliances,Vacuum Cleaner,1,9444.19,0.0,9444.19,1501.0
ORD-0174,2025-03-26,1003,Customer 1003,South,Tamil Nadu,Chennai,Furniture,Desk,2,21272.18,0.15,36162.71,6943.67
ORD-0175,2025-10-27,1037,Customer 1037,North,Punjab,Ludhiana,Technology,Mouse,4,1251.07,0.1,4503.85,799.94
ORD-0176,2025-04-17,1151,Customer 1151,North,Delhi,New Delhi,Office Supplies,Pen Set,5,459.21,0.0,2296.05,515.36
ORD-0177,2025-02-21,1078,Customer 1078,South,Karnataka,Mysuru,Technology,Headphones,3,6591.71,0.1,17797.62,2865.11
ORD-0178,2025-03-31,1132,Customer 1132,South,Kerala,Kochi,Furniture,Desk,1,14837.22,0.0,14837.22,2710.81
ORD-0179,2025-02-05,1184,Customer 1184,South,Kerala,Thiruvananthapuram,Office Supplies,Notebook,4,210.56,0.15,715.9,112.61
ORD-0180,2025-10-04,1118,Customer 1118,North,Haryana,Faridabad,Furniture,Bookshelf,4,5824.64,0.0,23298.56,3577.15
ORD-0181,2025-02-18,1208,Customer 1208,East,Jharkhand,Ranchi,Technology,Monitor,2,12323.38,0.05,23414.42,3692.58
ORD-0182,2025-08-30,1164,Customer 1164,North,Punjab,Amritsar,Office Supplies,Printer Paper,5,317.21,0.1,1427.44,294.96
ORD-0183,2025-06-09,1199,Customer 1199,West,Rajasthan,Udaipur,Technology,Headphones,3,2545.29,0.05,7254.08,1067.33
ORD-0184,2025-02-11,1067,Customer 1067,West,Maharashtra,Pune,Furniture,Bookshelf,5,9740.78,0.1,43833.51,10225.93
ORD-0185,2025-06-16,1032,Customer 1032,South,Tamil Nadu,Coimbatore,Office Supplies,Stapler,5,146.21,0.0,731.05,155.92
ORD-0186,2025-07-15,1231,Customer 1231,West,Gujarat,Ahmedabad,Home Appliances,Blender,5,5095.3,0.0,25476.5,4960.67
ORD-0187,2025-02-27,1125,Customer 1125,West,Gujarat,Surat,Technology,Monitor,3,11474.22,0.0,34422.66,3910.69
ORD-0188,2025-05-30,1008,Customer 1008,West,Gujarat,Surat,Office Supplies,Printer Paper,4,285.51,0.2,913.63,131.65
ORD-0189,2025-01-12,1055,Customer 1055,South,Tamil Nadu,Chennai,Office Supplies,Printer Paper,1,370.34,0.2,296.27,38.57
ORD-0190,2025-01-05,1118,Customer 1118,West,Goa,Panaji,Office Supplies,Stapler,4,425.91,0.1,1533.28,292.44
ORD-0191,2025-06-10,1032,Customer 1032,East,Bihar,Patna,Furniture,Desk,5,19391.01,0.1,87259.54,16241.41
ORD-0192,2025-09-15,1085,Customer 1085,North,Punjab,Amritsar,Technology,Monitor,3,12107.72,0.1,32690.84,6451.97
ORD-0193,2025-05-23,1163,Customer 1163,South,Karnataka,Mysuru,Furniture,Table Lamp,4,2658.28,0.0,10633.12,2369.62
ORD-0194,2025-06-07,1234,Customer 1234,West,Gujarat,Surat,Furniture,Filing Cabinet,3,12110.27,0.05,34514.27,2017.23
ORD-0195,2025-10-03,1206,Customer 1206,South,Karnataka,Mysuru,Furniture,Bookshelf,2,9127.78,0.15,15517.23,766.15
ORD-0196,2025-08-26,1054,Customer 1054,South,Telangana,Hyderabad,Home Appliances,Blender,5,4087.66,0.2,16350.64,2973.92
ORD-0197,2025-03-20,1025,Customer 1025,South,Telangana,Hyderabad,Furniture,Filing Cabinet,4,5719.69,0.1,20590.88,1198.28
ORD-0198,2025-06-09,1134,Customer 1134,South,Kerala,Kozhikode,Office Supplies,Stapler,5,125.84,0.1,566.28,62.41
ORD-0199,2025-09-24,1130,Customer 1130,South,Tamil Nadu,Chennai,Technology,Keyboard,2,804.01,0.1,1447.22,329.24
ORD-0200,2025-09-20,1238,Customer 1238,North,Uttar Pradesh,Noida,Office Supplies,File Folder,4,126.53,0.1,455.51,41.86
ORD-0201,2025-08-19,1124,Customer 1124,North,Uttar Pradesh,Noida,Home Appliances,Air Cooler,2,8176.39,0.15,13899.86,1851.13
ORD-0202,2025-08-17,1014,Customer 1014,East,Odisha,Bhubaneswar,Office Supplies,Pen Set,5,407.72,0.0,2038.6,235.77
ORD-0203,2025-03-06,1120,Customer 1120,South,Karnataka,Mysuru,Furniture,Filing Cabinet,5,5109.09,0.0,25545.45,5200.95
ORD-0204,2025-07-10,1188,Customer 1188,North,Haryana,Gurugram,Technology,Mouse,5,1582.1,0.0,7910.5,1122.35
ORD-0205,2025-08-21,1227,Customer 1227,South,Telangana,Hyderabad,Home Appliances,Air Cooler,5,10550.29,0.05,50113.88,8299.84
ORD-0206,2025-05-09,1169,Customer 1169,East,West Bengal,Kolkata,Technology,Laptop,2,62504.12,0.05,118757.83,24917.75
ORD-0207,2025-10-17,1247,Customer 1247,East,Bihar,Patna,Home Appliances,Vacuum Cleaner,3,9501.24,0.0,28503.72,5759.62
ORD-0208,2025-03-28,1193,Customer 1193,North,Uttar Pradesh,Noida,Technology,Keyboard,5,786.1,0.0,3930.5,660.15
ORD-0209,2025-05-28,1133,Customer 1133,East,West Bengal,Kolkata,Office Supplies,Pen Set,5,255.04,0.05,1211.44,241.87
ORD-0210,2025-09-18,1235,Customer 1235,East,Bihar,Patna,Office Supplies,Pen Set,5,364.12,0.1,1638.54,175.11
ORD-0211,2025-11-25,1104,Customer 1104,North,Haryana,Faridabad,Home Appliances,Air Cooler,2,13006.15,0.0,26012.3,2485.37
ORD-0212,2025-09-12,1190,Customer 1190,North,Punjab,Amritsar,Technology,Laptop,2,57888.62,0.0,115777.24,16304.01
ORD-0213,2025-10-15,1144,Customer 1144,East,Bihar,Patna,Technology,Headphones,4,2108.5,0.0,8434.0,472.34
ORD-0214,2025-05-04,1078,Customer 1078,East,Bihar,Patna,Technology,Laptop,2,69517.58,0.15,118179.89,11636.54
ORD-0215,2025-05-02,1227,Customer 1227,South,Kerala,Kochi,Home Appliances,Electric Kettle,1,1794.39,0.1,1614.95,267.52
ORD-0216,2025-05-30,1086,Customer 1086,East,Bihar,Patna,Furniture,Table Lamp,3,1319.46,0.1,3562.54,665.17
ORD-0217,2025-03-29,1207,Customer 1207,West,Gujarat,Ahmedabad,Technology,Mouse,4,1425.92,0.1,5133.31,749.09
ORD-0218,2025-04-18,1039,Customer 1039,West,Maharashtra,Pune,Office Supplies,Pen Set,1,404.45,0.0,404.45,57.72
ORD-0219,2025-04-14,1132,Customer 1132,North,Haryana,Gurugram,Technology,Mouse,3,962.09,0.15,2453.33,182.83
ORD-0220,2025-01-13,1112,Customer 1112,West,Gujarat,Ahmedabad,Home Appliances,Electric Kettle,1,2474.72,0.0,2474.72,483.97
ORD-0221,2025-03-16,1020,Customer 1020,South,Kerala,Kochi,Technology,Laptop,3,78678.81,0.05,224234.61,32599.33
ORD-0222,2025-01-24,1138,Customer 1138,East,Jharkhand,Ranchi,Office Supplies,File Folder,3,59.3,0.1,160.11,8.52
ORD-0223,2025-01-20,1173,Customer 1173,East,West Bengal,Kolkata,Furniture,Table Lamp,1,2052.87,0.05,1950.23,337.44
ORD-0224,2025-09-11,1132,Customer 1132,West,Goa,Panaji,Home Appliances,Microwave,2,13993.69,0.1,25188.64,1290.76
ORD-0225,2025-03-17,1109,Customer 1109,South,Telangana,Hyderabad,Office Supplies,Pen Set,2,383.07,0.1,689.53,93.43
ORD-0226,2025-04-26,1063,Customer 1063,West,Maharashtra,Pune,Home Appliances,Blender,1,5491.13,0.1,4942.02,1000.16
ORD-0227,2025-08-28,1148,Customer 1148,North,Punjab,Ludhiana,Technology,Laptop,3,72436.45,0.2,173847.48,28667.46
ORD-0228,2025-02-19,1138,Customer 1138,North,Uttar Pradesh,Lucknow,Furniture,Filing Cabinet,3,5235.77,0.0,15707.31,3122.34
ORD-0229,2025-02-04,1147,Customer 1147,North,Haryana,Gurugram,Technology,Keyboard,2,2270.91,0.15,3860.55,237.01
ORD-0230,2025-09-17,1090,Customer 1090,East,Odisha,Bhubaneswar,Furniture,Filing Cabinet,2,13184.51,0.1,23732.12,1399.58
ORD-0231,2025-01-31,1057,Customer 1057,East,Jharkhand,Ranchi,Furniture,Table Lamp,4,2211.0,0.2,7075.2,496.19
ORD-0232,2025-09-27,1220,Customer 1220,West,Rajasthan,Jaipur,Furniture,Table Lamp,2,1325.48,0.1,2385.86,262.17
ORD-0233,2025-03-25,1107,Customer 1107,North,Uttar Pradesh,Noida,Home Appliances,Blender,2,7032.19,0.0,14064.38,1960.46
ORD-0234,2025-05-28,1203,Customer 1203,East,Jharkhand,Ranchi,Office Supplies,Printer Paper,5,270.9,0.05,1286.77,99.85
ORD-0235,2025-08-06,1087,Customer 1087,South,Kerala,Kozhikode,Furniture,Filing Cabinet,5,10087.97,0.05,47917.86,10092.45
ORD-0236,2025-04-27,1178,Customer 1178,North,Delhi,New Delhi,Technology,Headphones,4,3624.34,0.0,14497.36,2338.01
ORD-0237,2025-02-12,1186,Customer 1186,North,Punjab,Ludhiana,Home Appliances,Vacuum Cleaner,1,12917.0,0.1,11625.3,1874.88
ORD-0238,2025-01-22,1002,Customer 1002,South,Kerala,Kochi,Furniture,Office Chair,1,14028.27,0.05,13326.86,1440.35
ORD-0239,2025-10-21,1168,Customer 1168,East,Bihar,Patna,Furniture,Table Lamp,4,1518.74,0.2,4859.97,889.51
ORD-0240,2025-03-09,1127,Customer 1127,East,Odisha,Bhubaneswar,Home Appliances,Vacuum Cleaner,4,10193.86,0.0,40775.44,7454.82
ORD-0241,2025-02-27,1168,Customer 1168,North,Delhi,New Delhi,Home Appliances,Electric Kettle,4,2975.63,0.0,11902.52,632.97
ORD-0242,2025-09-19,1227,Customer 1227,North,Punjab,Ludhiana,Home Appliances,Air Cooler,4,11065.27,0.05,42048.03,2488.01
ORD-0243,2025-10-24,1152,Customer 1152,South,Telangana,Hyderabad,Office Supplies,Stapler,4,211.23,0.05,802.67,134.73
ORD-0244,2025-09-25,1212,Customer 1212,South,Telangana,Hyderabad,Furniture,Desk,2,11751.43,0.15,19977.43,4235.81
ORD-0245,2025-01-08,1247,Customer 1247,East,West Bengal,Kolkata,Home Appliances,Blender,5,6163.18,0.15,26193.52,2211.4
ORD-0246,2025-10-29,1012,Customer 1012,East,West Bengal,Kolkata,Furniture,Bookshelf,1,7342.09,0.2,5873.67,909.47
ORD-0247,2025-09-04,1059,Customer 1059,South,Tamil Nadu,Chennai,Home Appliances,Air Cooler,3,13181.75,0.0,39545.25,1279.97
ORD-0248,2025-05-14,1009,Customer 1009,West,Maharashtra,Mumbai,Furniture,Filing Cabinet,3,11836.24,0.2,28406.98,5572.5
ORD-0249,2025-05-11,1214,Customer 1214,East,Odisha,Bhubaneswar,Technology,Headphones,4,3144.21,0.0,12576.84,1950.96
ORD-0250,2025-02-10,1034,Customer 1034,North,Haryana,Faridabad,Furniture,Office Chair,3,11404.21,0.1,30791.37,4691.66
ORD-0251,2025-09-28,1094,Customer 1094,North,Uttar Pradesh,Lucknow,Furniture,Office Chair,3,13609.71,0.0,40829.13,6888.19
ORD-0252,2025-05-28,1201,Customer 1201,West,Rajasthan,Udaipur,Home Appliances,Air Cooler,4,15925.68,0.0,63702.72,3838.65
ORD-0253,2025-01-21,1191,Customer 1191,West,Gujarat,Ahmedabad,Furniture,Office Chair,3,15157.86,0.05,43199.9,6934.47
ORD-0254,2025-07-26,1077,Customer 1077,West,Goa,Panaji,Technology,Laptop,2,71030.74,0.15,120752.26,6432.55
ORD-0255,2025-05-27,1035,Customer 1035,North,Uttar Pradesh,Noida,Furniture,Table Lamp,3,1671.86,0.0,5015.58,784.74
ORD-0256,2025-10-02,1131,Customer 1131,West,Gujarat,Ahmedabad,Office Supplies,Notebook,1,306.65,0.2,245.32,36.67
ORD-0257,2025-04-30,1175,Customer 1175,East,Bihar,Patna,Home Appliances,Blender,5,5203.49,0.0,26017.45,2680.96
ORD-0258,2025-08-15,1053,Customer 1053,North,Punjab,Amritsar,Home Appliances,Air Cooler,1,9699.27,0.1,8729.34,284.14
ORD-0259,2025-03-27,1110,Customer 1110,North,Delhi,New Delhi,Home Appliances,Microwave,1,17890.28,0.1,16101.25,1966.14
ORD-0260,2025-02-19,1238,Customer 1238,West,Rajasthan,Udaipur,Home Appliances,Air Cooler,5,11693.01,0.0,58465.05,10856.26
ORD-0261,2025-11-20,1189,Customer 1189,North,Delhi,New Delhi,Technology,Headphones,3,6009.86,0.15,15325.14,2179.56
ORD-0262,2025-02-16,1174,Customer 1174,South,Telangana,Hyderabad,Office Supplies,Stapler,1,232.47,0.0,232.47,12.27
ORD-0263,2025-05-12,1179,Customer 1179,North,Delhi,New Delhi,Furniture,Table Lamp,4,939.72,0.05,3570.94,434.55
ORD-0264,2025-03-13,1001,Customer 1001,West,Rajasthan,Jaipur,Furniture,Desk,1,7043.82,0.0,7043.82,932.87
ORD-0265,2025-04-19,1093,Customer 1093,South,Kerala,Kochi,Office Supplies,Stapler,1,325.43,0.05,309.16,37.59
ORD-0266,2025-07-09,1046,Customer 1046,North,Punjab,Amritsar,Technology,Headphones,3,6094.76,0.05,17370.07,2184.67
ORD-0267,2025-09-22,1233,Customer 1233,West,Gujarat,Surat,Home Appliances,Microwave,5,10845.62,0.15,46093.88,5554.01
ORD-0268,2025-05-27,1238,Customer 1238,West,Maharashtra,Nagpur,Office Supplies,Notebook,3,115.5,0.05,329.18,37.58
ORD-0269,2025-08-28,1012,Customer 1012,North,Delhi,New Delhi,Home Appliances,Vacuum Cleaner,1,13237.9,0.2,10590.32,2200.17
ORD-0270,2025-12-06,1175,Customer 1175,West,Rajasthan,Jaipur,Office Supplies,File Folder,2,75.94,0.1,136.69,24.27
ORD-0271,2025-03-25,1168,Customer 1168,West,Goa,Panaji,Technology,Keyboard,1,827.81,0.0,827.81,71.35
ORD-0272,2025-11-27,1051,Customer 1051,North,Punjab,Ludhiana,Office Supplies,File Folder,5,41.42,0.1,186.39,37.26
ORD-0273,2025-04-27,1155,Customer 1155,East,Odisha,Bhubaneswar,Home Appliances,Electric Kettle,2,2418.98,0.15,4112.27,845.59
ORD-0274,2025-10-28,1055,Customer 1055,West,Rajasthan,Jaipur,Technology,Mouse,2,1674.19,0.15,2846.12,228.33
ORD-0275,2025-04-17,1021,Customer 1021,South,Telangana,Hyderabad,Home Appliances,Blender,2,4519.49,0.0,9038.98,1113.48
ORD-0276,2025-07-14,1032,Customer 1032,East,Odisha,Bhubaneswar,Furniture,Table Lamp,4,2032.31,0.1,7316.32,308.83
ORD-0277,2025-06-16,1100,Customer 1100,West,Maharashtra,Pune,Home Appliances,Microwave,2,9668.6,0.05,18370.34,919.68
ORD-0278,2025-05-06,1188,Customer 1188,West,Maharashtra,Pune,Technology,Mouse,3,835.7,0.1,2256.39,348.51
ORD-0279,2025-04-23,1132,Customer 1132,South,Kerala,Kozhikode,Home Appliances,Air Cooler,5,15748.23,0.0,78741.15,16902.96
ORD-0280,2025-12-29,1246,Customer 1246,South,Karnataka,Mysuru,Technology,Mouse,3,624.03,0.0,1872.09,332.82
ORD-0281,2025-06-19,1037,Customer 1037,North,Punjab,Amritsar,Furniture,Desk,4,11709.5,0.15,39812.3,5393.03
ORD-0282,2025-04-19,1126,Customer 1126,North,Haryana,Gurugram,Technology,Headphones,4,6884.63,0.05,26161.59,3899.98
ORD-0283,2025-12-20,1042,Customer 1042,West,Rajasthan,Jaipur,Technology,Keyboard,5,1050.32,0.0,5251.6,582.04
ORD-0284,2025-04-02,1243,Customer 1243,West,Goa,Panaji,Home Appliances,Electric Kettle,5,2221.3,0.1,9995.85,1318.76
ORD-0285,2025-08-02,1104,Customer 1104,East,Odisha,Bhubaneswar,Technology,Keyboard,1,2126.54,0.05,2020.21,375.01
ORD-0286,2025-03-05,1147,Customer 1147,North,Uttar Pradesh,Noida,Technology,Laptop,3,81378.18,0.1,219721.09,26632.57
ORD-0287,2025-07-03,1005,Customer 1005,West,Goa,Panaji,Technology,Keyboard,4,1540.21,0.0,6160.84,1211.0
ORD-0288,2025-03-11,1096,Customer 1096,East,Jharkhand,Ranchi,Furniture,Table Lamp,2,1830.26,0.1,3294.47,473.21
ORD-0289,2025-08-30,1243,Customer 1243,East,West Bengal,Kolkata,Office Supplies,Pen Set,1,446.23,0.2,356.98,35.79
ORD-0290,2025-11-25,1048,Customer 1048,West,Maharashtra,Nagpur,Office Supplies,Stapler,4,121.05,0.1,435.78,45.37
ORD-0291,2025-07-08,1175,Customer 1175,West,Maharashtra,Mumbai,Office Supplies,Pen Set,2,290.74,0.1,523.33,84.98
ORD-0292,2025-06-18,1194,Customer 1194,East,Jharkhand,Ranchi,Furniture,Filing Cabinet,3,6896.34,0.2,16551.22,358.87
ORD-0293,2025-05-15,1030,Customer 1030,North,Uttar Pradesh,Lucknow,Home Appliances,Microwave,3,15378.7,0.15,39215.69,7355.75
ORD-0294,2025-05-07,1201,Customer 1201,East,Jharkhand,Ranchi,Home Appliances,Vacuum Cleaner,1,13459.21,0.1,12113.29,683.72
ORD-0295,2025-12-21,1075,Customer 1075,South,Karnataka,Mysuru,Furniture,Table Lamp,3,2153.81,0.1,5815.29,1077.88
ORD-0296,2025-05-25,1066,Customer 1066,South,Telangana,Hyderabad,Office Supplies,Pen Set,2,417.81,0.1,752.06,49.73
ORD-0297,2025-08-03,1136,Customer 1136,South,Karnataka,Bengaluru,Technology,Mouse,3,430.84,0.1,1163.27,220.61
ORD-0298,2025-02-22,1147,Customer 1147,North,Delhi,New Delhi,Furniture,Filing Cabinet,3,10830.36,0.0,32491.08,6492.86
ORD-0299,2025-02-23,1200,Customer 1200,South,Telangana,Hyderabad,Furniture,Desk,4,16556.36,0.1,59602.9,7985.89
ORD-0300,2025-01-12,1008,Customer 1008,North,Haryana,Gurugram,Technology,Mouse,2,587.36,0.1,1057.25,42.11
ORD-0301,2025-06-03,1093,Customer 1093,West,Maharashtra,Pune,Office Supplies,Notebook,2,154.57,0.1,278.23,10.49
ORD-0302,2025-06-06,1064,Customer 1064,East,West Bengal,Kolkata,Technology,Headphones,4,1790.98,0.05,6805.72,510.17
ORD-0303,2025-11-03,1143,Customer 1143,East,Odisha,Bhubaneswar,Home Appliances,Air Cooler,5,10801.46,0.05,51306.93,10340.0
ORD-0304,2025-11-12,1161,Customer 1161,West,Gujarat,Ahmedabad,Technology,Monitor,3,19975.23,0.1,53933.12,4038.06
ORD-0305,2025-12-30,1024,Customer 1024,North,Delhi,New Delhi,Office Supplies,File Folder,3,173.11,0.1,467.4,51.15
ORD-0306,2025-04-11,1042,Customer 1042,East,West Bengal,Kolkata,Office Supplies,Pen Set,4,446.33,0.05,1696.05,92.6
ORD-0307,2025-01-13,1233,Customer 1233,North,Uttar Pradesh,Lucknow,Office Supplies,Stapler,2,302.18,0.05,574.14,100.3
ORD-0308,2025-04-10,1214,Customer 1214,South,Telangana,Hyderabad,Furniture,Bookshelf,5,10032.18,0.0,50160.9,4706.09
ORD-0309,2025-05-29,1070,Customer 1070,West,Goa,Panaji,Home Appliances,Microwave,4,15132.07,0.0,60528.28,12634.81
ORD-0310,2025-02-23,1118,Customer 1118,North,Delhi,New Delhi,Office Supplies,File Folder,2,116.13,0.0,232.26,40.45
ORD-0311,2025-06-12,1138,Customer 1138,South,Kerala,Thiruvananthapuram,Furniture,Desk,1,18043.01,0.05,17140.86,3641.14
ORD-0312,2025-12-12,1188,Customer 1188,North,Uttar Pradesh,Noida,Technology,Keyboard,1,1261.35,0.1,1135.21,202.38
ORD-0313,2025-07-06,1170,Customer 1170,West,Gujarat,Ahmedabad,Furniture,Table Lamp,1,976.48,0.05,927.66,47.71
ORD-0314,2025-05-06,1057,Customer 1057,West,Goa,Panaji,Technology,Monitor,4,9017.6,0.05,34266.88,4708.09
ORD-0315,2025-08-13,1008,Customer 1008,North,Uttar Pradesh,Lucknow,Office Supplies,Pen Set,1,216.46,0.0,216.46,11.13
ORD-0316,2025-07-24,1156,Customer 1156,North,Punjab,Ludhiana,Technology,Laptop,4,63952.39,0.0,255809.56,49804.38
ORD-0317,2025-01-28,1032,Customer 1032,South,Karnataka,Bengaluru,Technology,Mouse,1,686.97,0.1,618.27,83.9
ORD-0318,2025-06-30,1011,Customer 1011,West,Maharashtra,Nagpur,Technology,Monitor,4,14046.15,0.1,50566.14,4701.4
ORD-0319,2025-06-23,1233,Customer 1233,North,Haryana,Gurugram,Home Appliances,Air Cooler,2,13210.87,0.15,22458.48,3151.06
ORD-0320,2025-01-15,1226,Customer 1226,South,Tamil Nadu,Chennai,Home Appliances,Blender,5,7245.36,0.2,28981.44,3901.4
ORD-0321,2025-08-11,1141,Customer 1141,South,Tamil Nadu,Coimbatore,Furniture,Desk,3,9486.25,0.05,27035.81,2586.09
ORD-0322,2025-02-19,1077,Customer 1077,East,Bihar,Patna,Technology,Laptop,3,60674.33,0.1,163820.69,8869.13
ORD-0323,2025-05-19,1076,Customer 1076,South,Tamil Nadu,Chennai,Home Appliances,Electric Kettle,5,2205.09,0.1,9922.91,478.89
ORD-0324,2025-02-28,1029,Customer 1029,East,Bihar,Patna,Furniture,Table Lamp,5,2870.51,0.2,11482.04,1317.8
ORD-0325,2025-12-18,1222,Customer 1222,South,Telangana,Hyderabad,Office Supplies,File Folder,4,74.63,0.1,268.67,46.61
ORD-0326,2025-05-17,1044,Customer 1044,South,Kerala,Thiruvananthapuram,Home Appliances,Microwave,5,8090.38,0.05,38429.3,8360.98
ORD-0327,2025-11-18,1104,Customer 1104,East,Odisha,Bhubaneswar,Office Supplies,File Folder,3,75.53,0.0,226.59,21.91
ORD-0328,2025-09-05,1182,Customer 1182,East,West Bengal,Kolkata,Technology,Monitor,3,21413.01,0.05,61027.08,8118.29
ORD-0329,2025-06-12,1094,Customer 1094,East,West Bengal,Kolkata,Office Supplies,Stapler,3,433.81,0.1,1171.29,108.67
ORD-0330,2025-03-23,1091,Customer 1091,East,West Bengal,Kolkata,Home Appliances,Vacuum Cleaner,4,13472.72,0.15,45807.25,8197.17
ORD-0331,2025-07-12,1105,Customer 1105,West,Rajasthan,Jaipur,Office Supplies,Printer Paper,1,309.27,0.1,278.34,23.16
ORD-0332,2025-04-09,1149,Customer 1149,East,Bihar,Patna,Home Appliances,Electric Kettle,4,2945.19,0.05,11191.72,982.47
ORD-0333,2025-05-12,1149,Customer 1149,East,West Bengal,Kolkata,Office Supplies,Printer Paper,2,605.55,0.1,1089.99,94.38
ORD-0334,2025-11-20,1046,Customer 1046,East,Bihar,Patna,Home Appliances,Electric Kettle,2,3363.8,0.1,6054.84,613.11
ORD-0335,2025-01-24,1221,Customer 1221,East,Odisha,Bhubaneswar,Home Appliances,Vacuum Cleaner,2,13247.88,0.1,23846.18,3376.06
ORD-0336,2025-11-14,1181,Customer 1181,North,Haryana,Faridabad,Home Appliances,Vacuum Cleaner,1,5000.12,0.05,4750.11,721.38
ORD-0337,2025-06-28,1128,Customer 1128,North,Uttar Pradesh,Lucknow,Furniture,Filing Cabinet,4,13701.61,0.0,54806.44,8203.02
ORD-0338,2025-07-09,1030,Customer 1030,West,Gujarat,Surat,Technology,Headphones,5,5333.2,0.15,22666.1,1764.62
ORD-0339,2025-01-22,1248,Customer 1248,West,Goa,Panaji,Office Supplies,Stapler,5,299.02,0.0,1495.1,167.37
ORD-0340,2025-09-12,1162,Customer 1162,East,Bihar,Patna,Furniture,Desk,1,11032.7,0.1,9929.43,1313.34
ORD-0341,2025-12-23,1149,Customer 1149,West,Maharashtra,Nagpur,Home Appliances,Air Cooler,1,11624.69,0.1,10462.22,932.74
ORD-0342,2025-07-17,1096,Customer 1096,East,Bihar,Patna,Home Appliances,Microwave,1,9220.3,0.0,9220.3,1837.61
ORD-0343,2025-05-21,1073,Customer 1073,North,Delhi,New Delhi,Furniture,Bookshelf,4,11828.2,0.15,40215.88,6319.05
ORD-0344,2025-12-03,1065,Customer 1065,West,Goa,Panaji,Office Supplies,File Folder,3,107.55,0.1,290.38,27.13
ORD-0345,2025-03-19,1163,Customer 1163,West,Goa,Panaji,Technology,Keyboard,2,1808.64,0.15,3074.69,169.7
ORD-0346,2025-06-17,1177,Customer 1177,South,Kerala,Kochi,Technology,Keyboard,3,1473.27,0.05,4198.82,596.52
ORD-0347,2025-02-12,1080,Customer 1080,West,Goa,Panaji,Home Appliances,Electric Kettle,2,3060.22,0.1,5508.4,880.48
ORD-0348,2025-01-07,1072,Customer 1072,North,Delhi,New Delhi,Furniture,Bookshelf,3,10805.44,0.2,25933.06,4230.68
ORD-0349,2025-05-06,1012,Customer 1012,North,Delhi,New Delhi,Home Appliances,Air Cooler,5,9760.99,0.05,46364.7,7347.44
ORD-0350,2025-02-28,1120,Customer 1120,South,Kerala,Thiruvananthapuram,Technology,Mouse,1,800.06,0.05,760.06,129.27
ORD-0351,2025-07-01,1084,Customer 1084,North,Delhi,New Delhi,Furniture,Table Lamp,3,2506.12,0.1,6766.52,1524.19
ORD-0352,2025-08-06,1136,Customer 1136,North,Delhi,New Delhi,Office Supplies,Printer Paper,5,640.84,0.0,3204.2,382.72
ORD-0353,2025-08-07,1169,Customer 1169,South,Tamil Nadu,Coimbatore,Technology,Headphones,1,3506.15,0.05,3330.84,258.6
ORD-0354,2025-06-15,1074,Customer 1074,East,Jharkhand,Ranchi,Home Appliances,Microwave,2,14036.37,0.0,28072.74,997.93
ORD-0355,2025-03-25,1108,Customer 1108,South,Telangana,Hyderabad,Office Supplies,Notebook,3,255.1,0.05,727.04,17.54
ORD-0356,2025-02-17,1096,Customer 1096,South,Kerala,Kochi,Office Supplies,Pen Set,1,310.3,0.0,310.3,16.57
ORD-0357,2025-11-11,1079,Customer 1079,North,Punjab,Amritsar,Office Supplies,Printer Paper,3,603.2,0.0,1809.6,249.22
ORD-0358,2025-10-28,1113,Customer 1113,East,West Bengal,Kolkata,Technology,Headphones,4,6630.35,0.1,23869.26,5258.83
ORD-0359,2025-09-19,1032,Customer 1032,South,Tamil Nadu,Coimbatore,Technology,Headphones,1,4088.63,0.1,3679.77,306.4
ORD-0360,2025-05-12,1015,Customer 1015,East,Bihar,Patna,Technology,Laptop,5,65509.06,0.05,311168.03,71618.54
ORD-0361,2025-06-17,1212,Customer 1212,North,Punjab,Ludhiana,Office Supplies,Notebook,1,300.96,0.0,300.96,67.08
ORD-0362,2025-10-17,1176,Customer 1176,South,Kerala,Kozhikode,Technology,Laptop,3,63357.62,0.1,171065.57,24342.09
ORD-0363,2025-06-13,1019,Customer 1019,South,Tamil Nadu,Chennai,Furniture,Desk,3,11249.57,0.1,30373.84,3371.38
ORD-0364,2025-07-28,1179,Customer 1179,South,Telangana,Hyderabad,Office Supplies,Pen Set,1,182.49,0.1,164.24,14.03
ORD-0365,2025-12-07,1187,Customer 1187,North,Punjab,Ludhiana,Technology,Headphones,2,4855.43,0.0,9710.86,1649.67
ORD-0366,2025-12-01,1037,Customer 1037,East,Bihar,Patna,Home Appliances,Microwave,4,12193.9,0.1,43898.04,7785.92
ORD-0367,2025-03-02,1135,Customer 1135,South,Telangana,Hyderabad,Technology,Mouse,3,1087.53,0.15,2773.2,134.2
ORD-0368,2025-02-07,1102,Customer 1102,North,Delhi,New Delhi,Furniture,Desk,5,9406.94,0.0,47034.7,3144.16
ORD-0369,2025-10-18,1083,Customer 1083,North,Haryana,Faridabad,Office Supplies,Pen Set,4,215.67,0.05,819.55,69.16
ORD-0370,2025-02-21,1063,Customer 1063,North,Delhi,New Delhi,Office Supplies,Notebook,1,303.59,0.0,303.59,52.89
ORD-0371,2025-12-02,1039,Customer 1039,North,Punjab,Ludhiana,Furniture,Desk,1,11779.13,0.15,10012.26,408.71
ORD-0372,2025-03-17,1087,Customer 1087,South,Kerala,Thiruvananthapuram,Office Supplies,Notebook,3,191.92,0.0,575.76,54.64
ORD-0373,2025-04-22,1116,Customer 1116,East,Odisha,Bhubaneswar,Office Supplies,File Folder,5,63.14,0.0,315.7,50.54
ORD-0374,2025-05-02,1235,Customer 1235,South,Kerala,Thiruvananthapuram,Furniture,Office Chair,2,13615.67,0.1,24508.21,1785.15
ORD-0375,2025-06-01,1156,Customer 1156,South,Karnataka,Mysuru,Office Supplies,Pen Set,3,322.75,0.05,919.84,106.31
ORD-0376,2025-12-20,1178,Customer 1178,North,Delhi,New Delhi,Furniture,Desk,3,15200.28,0.1,41040.76,1074.48
ORD-0377,2025-10-22,1157,Customer 1157,North,Uttar Pradesh,Lucknow,Home Appliances,Blender,2,5061.42,0.0,10122.84,1726.03
ORD-0378,2025-03-03,1241,Customer 1241,West,Maharashtra,Mumbai,Furniture,Office Chair,1,16287.71,0.1,14658.94,1437.11
ORD-0379,2025-11-06,1025,Customer 1025,East,Jharkhand,Ranchi,Office Supplies,Printer Paper,4,528.91,0.1,1904.08,207.06
ORD-0380,2025-08-21,1118,Customer 1118,East,Bihar,Patna,Technology,Keyboard,5,1030.2,0.15,4378.35,876.58
ORD-0381,2025-02-17,1179,Customer 1179,East,Odisha,Bhubaneswar,Technology,Laptop,2,47678.94,0.15,81054.2,8788.09
ORD-0382,2025-06-22,1049,Customer 1049,East,West Bengal,Kolkata,Home Appliances,Air Cooler,2,10379.22,0.15,17644.67,1731.61
ORD-0383,2025-07-01,1003,Customer 1003,North,Haryana,Gurugram,Office Supplies,Printer Paper,3,532.65,0.05,1518.05,189.29
ORD-0384,2025-08-23,1158,Customer 1158,East,Bihar,Patna,Office Supplies,Pen Set,2,364.67,0.05,692.87,19.94
ORD-0385,2025-09-07,1201,Customer 1201,East,Jharkhand,Ranchi,Technology,Laptop,2,76278.4,0.1,137301.12,25238.7
ORD-0386,2025-01-29,1044,Customer 1044,North,Haryana,Faridabad,Technology,Keyboard,3,1005.79,0.0,3017.37,574.13
ORD-0387,2025-09-02,1036,Customer 1036,North,Uttar Pradesh,Noida,Technology,Keyboard,2,1252.43,0.05,2379.62,411.32
ORD-0388,2025-04-04,1187,Customer 1187,North,Uttar Pradesh,Lucknow,Home Appliances,Electric Kettle,4,2865.99,0.1,10317.56,1413.92
ORD-0389,2025-11-14,1146,Customer 1146,West,Gujarat,Ahmedabad,Furniture,Table Lamp,1,1325.48,0.1,1192.93,83.47
ORD-0390,2025-06-05,1224,Customer 1224,North,Punjab,Amritsar,Furniture,Filing Cabinet,5,11251.77,0.0,56258.85,8808.4
ORD-0391,2025-10-06,1224,Customer 1224,West,Rajasthan,Udaipur,Office Supplies,File Folder,4,148.31,0.1,533.92,41.87
ORD-0392,2025-01-05,1079,Customer 1079,North,Uttar Pradesh,Lucknow,Technology,Headphones,4,1426.08,0.1,5133.89,422.15
ORD-0393,2025-08-18,1077,Customer 1077,West,Goa,Panaji,Office Supplies,File Folder,2,158.28,0.0,316.56,51.0
ORD-0394,2025-10-14,1043,Customer 1043,East,Jharkhand,Ranchi,Home Appliances,Electric Kettle,3,3055.33,0.15,7791.09,1791.27
ORD-0395,2025-07-06,1035,Customer 1035,North,Delhi,New Delhi,Office Supplies,File Folder,5,149.72,0.1,673.74,60.72
ORD-0396,2025-07-02,1160,Customer 1160,North,Uttar Pradesh,Noida,Office Supplies,Printer Paper,3,252.14,0.15,642.96,76.24
ORD-0397,2025-01-19,1029,Customer 1029,East,West Bengal,Kolkata,Office Supplies,Notebook,3,262.55,0.0,787.65,111.38
ORD-0398,2025-07-16,1028,Customer 1028,South,Tamil Nadu,Chennai,Office Supplies,Pen Set,3,287.71,0.05,819.97,93.89
ORD-0399,2025-10-15,1203,Customer 1203,South,Kerala,Thiruvananthapuram,Furniture,Table Lamp,3,2615.51,0.05,7454.2,1573.23
ORD-0400,2025-02-28,1087,Customer 1087,East,West Bengal,Kolkata,Office Supplies,File Folder,1,130.81,0.05,124.27,7.79
ORD-0401,2025-08-02,1204,Customer 1204,West,Goa,Panaji,Home Appliances,Blender,2,5838.8,0.15,9925.96,891.21
ORD-0402,2025-09-25,1207,Customer 1207,West,Rajasthan,Jaipur,Home Appliances,Blender,4,7304.6,0.1,26296.56,3467.3
ORD-0403,2025-11-18,1230,Customer 1230,North,Delhi,New Delhi,Technology,Monitor,4,10021.25,0.1,36076.5,1923.61
ORD-0404,2025-07-28,1158,Customer 1158,East,Odisha,Bhubaneswar,Home Appliances,Vacuum Cleaner,4,13809.73,0.15,46953.08,7990.42
ORD-0405,2025-06-04,1176,Customer 1176,West,Goa,Panaji,Technology,Keyboard,5,2140.13,0.15,9095.55,677.78
ORD-0406,2025-11-09,1119,Customer 1119,North,Haryana,Gurugram,Technology,Monitor,5,9811.12,0.05,46602.82,1540.19
ORD-0407,2025-01-11,1094,Customer 1094,East,Odisha,Bhubaneswar,Technology,Laptop,2,47841.4,0.0,95682.8,7895.89
ORD-0408,2025-03-25,1015,Customer 1015,East,Jharkhand,Ranchi,Furniture,Desk,3,21779.56,0.0,65338.68,5243.39
ORD-0409,2025-04-03,1136,Customer 1136,South,Telangana,Hyderabad,Office Supplies,Pen Set,4,430.65,0.05,1636.47,182.57
ORD-0410,2025-12-04,1223,Customer 1223,South,Tamil Nadu,Coimbatore,Home Appliances,Vacuum Cleaner,2,13293.14,0.1,23927.65,3944.72
ORD-0411,2025-12-21,1238,Customer 1238,East,Jharkhand,Ranchi,Home Appliances,Microwave,4,10736.4,0.05,40798.32,2302.07
ORD-0412,2025-07-03,1181,Customer 1181,North,Haryana,Faridabad,Office Supplies,Printer Paper,2,433.37,0.1,780.07,106.62
ORD-0413,2025-11-15,1207,Customer 1207,West,Gujarat,Ahmedabad,Home Appliances,Blender,5,7447.26,0.15,31650.86,3768.27
ORD-0414,2025-11-28,1191,Customer 1191,East,West Bengal,Kolkata,Furniture,Filing Cabinet,4,11183.35,0.1,40260.06,1975.7
ORD-0415,2025-12-31,1232,Customer 1232,West,Maharashtra,Pune,Home Appliances,Air Cooler,1,14360.71,0.1,12924.64,2223.13
ORD-0416,2025-10-08,1072,Customer 1072,East,Bihar,Patna,Furniture,Table Lamp,5,2221.83,0.0,11109.15,1725.77
ORD-0417,2025-09-03,1237,Customer 1237,East,Bihar,Patna,Furniture,Bookshelf,2,11225.53,0.1,20205.95,2857.93
ORD-0418,2025-09-13,1099,Customer 1099,South,Tamil Nadu,Coimbatore,Furniture,Office Chair,3,10049.76,0.1,27134.35,4061.31
ORD-0419,2025-09-07,1213,Customer 1213,West,Maharashtra,Nagpur,Home Appliances,Blender,4,3748.34,0.05,14243.69,360.24
ORD-0420,2025-12-03,1205,Customer 1205,East,Jharkhand,Ranchi,Furniture,Office Chair,4,11499.88,0.05,43699.54,2509.86
ORD-0421,2025-09-21,1072,Customer 1072,North,Haryana,Faridabad,Furniture,Bookshelf,3,5905.17,0.15,15058.18,1891.31
ORD-0422,2025-09-03,1002,Customer 1002,East,Bihar,Patna,Technology,Headphones,2,4174.95,0.1,7514.91,1602.92
ORD-0423,2025-05-29,1094,Customer 1094,North,Haryana,Gurugram,Furniture,Desk,1,14658.71,0.1,13192.84,2684.94
ORD-0424,2025-11-09,1180,Customer 1180,West,Goa,Panaji,Office Supplies,File Folder,4,169.97,0.2,543.9,94.17
ORD-0425,2025-08-25,1140,Customer 1140,East,Bihar,Patna,Home Appliances,Blender,1,5541.6,0.05,5264.52,400.31
ORD-0426,2025-06-20,1103,Customer 1103,South,Karnataka,Bengaluru,Home Appliances,Microwave,1,10107.81,0.1,9097.03,1644.44
ORD-0427,2025-11-06,1192,Customer 1192,South,Kerala,Kochi,Home Appliances,Microwave,1,10828.01,0.05,10286.61,1022.13
ORD-0428,2025-01-06,1017,Customer 1017,West,Goa,Panaji,Furniture,Bookshelf,3,5538.48,0.05,15784.67,2328.96
ORD-0429,2025-06-13,1043,Customer 1043,South,Tamil Nadu,Chennai,Home Appliances,Air Cooler,2,11100.57,0.1,19981.03,2874.64
ORD-0430,2025-08-26,1099,Customer 1099,South,Telangana,Hyderabad,Home Appliances,Electric Kettle,3,3153.93,0.0,9461.79,2051.93
ORD-0431,2025-05-17,1236,Customer 1236,East,Odisha,Bhubaneswar,Home Appliances,Microwave,4,10729.5,0.05,40772.1,4250.53
ORD-0432,2025-03-14,1118,Customer 1118,East,Odisha,Bhubaneswar,Office Supplies,Printer Paper,2,509.01,0.05,967.12,77.49
ORD-0433,2025-09-28,1113,Customer 1113,West,Goa,Panaji,Office Supplies,Printer Paper,3,334.98,0.1,904.45,106.65
ORD-0434,2025-05-12,1215,Customer 1215,East,Jharkhand,Ranchi,Office Supplies,Printer Paper,1,426.02,0.1,383.42,78.63
ORD-0435,2025-10-21,1213,Customer 1213,East,Odisha,Bhubaneswar,Home Appliances,Blender,5,4964.1,0.05,23579.48,3535.53
ORD-0436,2025-12-29,1113,Customer 1113,South,Kerala,Thiruvananthapuram,Technology,Laptop,4,74320.0,0.1,267552.0,52130.0
ORD-0437,2025-12-11,1138,Customer 1138,East,Odisha,Bhubaneswar,Furniture,Bookshelf,4,4086.49,0.15,13894.07,2778.79
ORD-0438,2025-12-24,1237,Customer 1237,West,Maharashtra,Nagpur,Technology,Headphones,5,2512.4,0.15,10677.7,1847.69
ORD-0439,2025-03-31,1076,Customer 1076,East,Jharkhand,Ranchi,Office Supplies,Pen Set,5,327.19,0.05,1554.15,304.84
ORD-0440,2025-07-03,1213,Customer 1213,West,Rajasthan,Udaipur,Furniture,Office Chair,2,6604.19,0.0,13208.38,2195.83
ORD-0441,2025-07-10,1249,Customer 1249,West,Maharashtra,Mumbai,Home Appliances,Vacuum Cleaner,2,8592.09,0.15,14606.55,2755.25
ORD-0442,2025-05-25,1141,Customer 1141,North,Punjab,Ludhiana,Technology,Laptop,1,59333.39,0.15,50433.38,7792.81
ORD-0443,2025-09-26,1027,Customer 1027,West,Gujarat,Ahmedabad,Home Appliances,Vacuum Cleaner,1,7757.57,0.0,7757.57,278.09
ORD-0444,2025-10-30,1026,Customer 1026,West,Maharashtra,Pune,Furniture,Office Chair,5,9741.63,0.0,48708.15,7451.34
ORD-0445,2025-02-13,1013,Customer 1013,North,Punjab,Ludhiana,Home Appliances,Blender,3,6367.86,0.0,19103.58,3035.0
ORD-0446,2025-02-13,1122,Customer 1122,West,Goa,Panaji,Home Appliances,Air Cooler,5,10943.59,0.15,46510.26,10020.28
ORD-0447,2025-08-27,1142,Customer 1142,South,Tamil Nadu,Coimbatore,Home Appliances,Vacuum Cleaner,4,10563.28,0.0,42253.12,9171.19
ORD-0448,2025-10-14,1194,Customer 1194,East,West Bengal,Kolkata,Furniture,Table Lamp,3,1232.18,0.1,3326.89,510.15
ORD-0449,2025-12-30,1248,Customer 1248,East,Bihar,Patna,Technology,Monitor,3,13935.02,0.05,39714.81,4280.1
ORD-0450,2025-03-01,1221,Customer 1221,South,Kerala,Kochi,Furniture,Desk,2,19367.07,0.0,38734.14,7294.24
ORD-0451,2025-04-03,1004,Customer 1004,South,Telangana,Hyderabad,Furniture,Filing Cabinet,2,12597.91,0.05,23936.03,3355.79
ORD-0452,2025-10-26,1139,Customer 1139,West,Rajasthan,Udaipur,Home Appliances,Electric Kettle,1,2802.4,0.05,2662.28,249.37
ORD-0453,2025-09-04,1112,Customer 1112,South,Kerala,Thiruvananthapuram,Home Appliances,Electric Kettle,3,2245.13,0.1,6061.85,1405.91
ORD-0454,2025-11-25,1233,Customer 1233,South,Kerala,Kozhikode,Furniture,Office Chair,2,13473.04,0.0,26946.08,2517.86
ORD-0455,2025-09-05,1237,Customer 1237,East,Odisha,Bhubaneswar,Furniture,Office Chair,1,15566.53,0.1,14009.88,2390.8
ORD-0456,2025-02-17,1116,Customer 1116,North,Punjab,Amritsar,Office Supplies,Notebook,2,100.74,0.0,201.48,34.55
ORD-0457,2025-09-15,1064,Customer 1064,East,Odisha,Bhubaneswar,Office Supplies,Notebook,4,89.7,0.15,304.98,24.91
ORD-0458,2025-05-24,1090,Customer 1090,West,Maharashtra,Nagpur,Office Supplies,Printer Paper,1,564.95,0.05,536.7,23.46
ORD-0459,2025-11-11,1218,Customer 1218,West,Gujarat,Surat,Technology,Mouse,3,1393.21,0.05,3970.65,825.0
ORD-0460,2025-01-17,1043,Customer 1043,East,West Bengal,Kolkata,Furniture,Table Lamp,5,1430.38,0.05,6794.3,490.34
ORD-0461,2025-04-11,1076,Customer 1076,South,Kerala,Kozhikode,Home Appliances,Air Cooler,2,12965.17,0.15,22040.79,3692.59
ORD-0462,2025-04-16,1019,Customer 1019,West,Gujarat,Surat,Office Supplies,Stapler,5,385.79,0.1,1736.06,141.89
ORD-0463,2025-05-26,1016,Customer 1016,South,Tamil Nadu,Coimbatore,Furniture,Table Lamp,5,2602.92,0.1,11713.14,1038.27
ORD-0464,2025-11-25,1180,Customer 1180,East,Odisha,Bhubaneswar,Office Supplies,File Folder,3,97.58,0.0,292.74,43.32
ORD-0465,2025-12-09,1148,Customer 1148,South,Tamil Nadu,Chennai,Technology,Mouse,3,904.66,0.1,2442.58,257.61
ORD-0466,2025-05-27,1068,Customer 1068,South,Karnataka,Bengaluru,Furniture,Office Chair,2,15525.82,0.1,27946.48,3615.19
ORD-0467,2025-05-18,1187,Customer 1187,East,Odisha,Bhubaneswar,Office Supplies,File Folder,2,126.63,0.1,227.93,28.34
ORD-0468,2025-12-07,1129,Customer 1129,West,Rajasthan,Udaipur,Office Supplies,File Folder,4,124.45,0.1,448.02,38.89
ORD-0469,2025-06-30,1047,Customer 1047,East,West Bengal,Kolkata,Office Supplies,Stapler,2,381.18,0.1,686.12,102.68
ORD-0470,2025-01-12,1195,Customer 1195,West,Rajasthan,Jaipur,Office Supplies,Printer Paper,3,520.59,0.1,1405.59,198.56
ORD-0471,2025-04-06,1025,Customer 1025,South,Telangana,Hyderabad,Home Appliances,Air Cooler,5,11176.6,0.15,47500.55,4362.54
ORD-0472,2025-08-25,1208,Customer 1208,West,Maharashtra,Pune,Furniture,Desk,1,19741.7,0.0,19741.7,3523.78
ORD-0473,2025-03-14,1168,Customer 1168,South,Telangana,Hyderabad,Furniture,Office Chair,4,6334.13,0.1,22802.87,3911.51
ORD-0474,2025-06-13,1124,Customer 1124,South,Kerala,Kozhikode,Office Supplies,Stapler,3,329.03,0.15,839.03,83.38
ORD-0475,2025-10-07,1103,Customer 1103,East,West Bengal,Kolkata,Technology,Mouse,5,497.15,0.0,2485.75,384.11
ORD-0476,2025-02-05,1248,Customer 1248,East,Odisha,Bhubaneswar,Home Appliances,Microwave,5,10933.53,0.1,49200.88,7360.42
ORD-0477,2025-10-21,1018,Customer 1018,North,Uttar Pradesh,Noida,Technology,Laptop,3,55145.42,0.1,148892.63,5617.51
ORD-0478,2025-07-17,1206,Customer 1206,South,Karnataka,Bengaluru,Technology,Keyboard,4,1282.35,0.1,4616.46,676.2
ORD-0479,2025-02-13,1054,Customer 1054,North,Delhi,New Delhi,Home Appliances,Air Cooler,2,9864.36,0.15,16769.41,2759.45
ORD-0480,2025-12-21,1031,Customer 1031,North,Delhi,New Delhi,Furniture,Bookshelf,1,8434.85,0.0,8434.85,370.85
ORD-0481,2025-07-20,1133,Customer 1133,East,Bihar,Patna,Technology,Keyboard,5,853.1,0.1,3838.95,399.68
ORD-0482,2025-07-31,1129,Customer 1129,North,Uttar Pradesh,Lucknow,Home Appliances,Electric Kettle,4,1422.28,0.0,5689.12,1251.36
ORD-0483,2025-02-15,1020,Customer 1020,East,Bihar,Patna,Technology,Monitor,3,19562.16,0.05,55752.16,5515.32
ORD-0484,2025-04-22,1029,Customer 1029,South,Telangana,Hyderabad,Technology,Mouse,3,910.54,0.1,2458.46,430.74
ORD-0485,2025-09-17,1167,Customer 1167,East,West Bengal,Kolkata,Home Appliances,Vacuum Cleaner,3,9999.59,0.1,26998.89,4427.43
ORD-0486,2025-04-21,1052,Customer 1052,South,Telangana,Hyderabad,Home Appliances,Blender,5,6482.54,0.0,32412.7,2549.06
ORD-0487,2025-05-17,1077,Customer 1077,South,Karnataka,Bengaluru,Furniture,Bookshelf,4,9215.21,0.15,31331.71,6787.03
ORD-0488,2025-10-21,1011,Customer 1011,South,Tamil Nadu,Chennai,Office Supplies,Pen Set,2,299.25,0.1,538.65,50.15
ORD-0489,2025-02-21,1072,Customer 1072,North,Haryana,Faridabad,Furniture,Table Lamp,3,2787.79,0.2,6690.7,1038.8
ORD-0490,2025-11-05,1046,Customer 1046,West,Maharashtra,Mumbai,Home Appliances,Electric Kettle,1,3442.91,0.15,2926.47,222.06
ORD-0491,2025-05-02,1007,Customer 1007,East,West Bengal,Kolkata,Home Appliances,Electric Kettle,3,2051.06,0.1,5537.86,1049.33
ORD-0492,2025-12-19,1029,Customer 1029,South,Kerala,Thiruvananthapuram,Office Supplies,Notebook,4,124.83,0.0,499.32,72.71
ORD-0493,2025-04-20,1079,Customer 1079,North,Delhi,New Delhi,Furniture,Table Lamp,1,1654.1,0.05,1571.39,253.09
ORD-0494,2025-08-05,1087,Customer 1087,South,Telangana,Hyderabad,Home Appliances,Microwave,2,15304.92,0.0,30609.84,2704.51
ORD-0495,2025-06-10,1052,Customer 1052,South,Tamil Nadu,Chennai,Technology,Headphones,1,2142.72,0.1,1928.45,81.1
ORD-0496,2025-06-27,1071,Customer 1071,East,West Bengal,Kolkata,Furniture,Desk,1,8478.91,0.0,8478.91,796.58
ORD-0497,2025-05-26,1078,Customer 1078,West,Rajasthan,Udaipur,Home Appliances,Electric Kettle,4,1881.55,0.0,7526.2,526.45
ORD-0498,2025-02-08,1174,Customer 1174,North,Haryana,Faridabad,Home Appliances,Vacuum Cleaner,1,13284.39,0.0,13284.39,1602.46
ORD-0499,2025-09-10,1199,Customer 1199,South,Tamil Nadu,Chennai,Furniture,Table Lamp,1,1443.13,0.2,1154.5,118.75
ORD-0500,2025-01-30,1101,Customer 1101,North,Punjab,Amritsar,Home Appliances,Electric Kettle,1,3258.65,0.0,3258.65,575.96
ORD-0501,2025-06-10,1029,Customer 1029,South,Kerala,Kozhikode,Office Supplies,Notebook,3,115.69,0.05,329.72,52.98
ORD-0502,2025-08-24,1210,Customer 1210,West,Rajasthan,Jaipur,Furniture,Desk,5,20583.08,0.15,87478.09,6805.25
ORD-0503,2025-04-03,1098,Customer 1098,East,West Bengal,Kolkata,Office Supplies,Printer Paper,2,580.37,0.1,1044.67,185.17
ORD-0504,2025-06-16,1142,Customer 1142,East,Bihar,Patna,Office Supplies,Pen Set,4,266.05,0.0,1064.2,154.59
ORD-0505,2025-11-26,1053,Customer 1053,West,Maharashtra,Pune,Furniture,Filing Cabinet,3,10998.7,0.0,32996.1,4388.33
ORD-0506,2025-02-04,1207,Customer 1207,East,West Bengal,Kolkata,Office Supplies,Printer Paper,4,409.12,0.1,1472.83,193.94
ORD-0507,2025-06-28,1132,Customer 1132,East,Bihar,Patna,Office Supplies,Printer Paper,5,260.32,0.1,1171.44,133.42
ORD-0508,2025-11-23,1249,Customer 1249,South,Kerala,Kochi,Technology,Mouse,2,659.39,0.1,1186.9,206.97
ORD-0509,2025-07-07,1089,Customer 1089,North,Punjab,Ludhiana,Office Supplies,Notebook,2,284.32,0.1,511.78,44.8
ORD-0510,2025-05-21,1190,Customer 1190,West,Maharashtra,Pune,Furniture,Filing Cabinet,3,9992.59,0.0,29977.77,1017.34
ORD-0511,2025-08-20,1137,Customer 1137,East,Bihar,Patna,Office Supplies,Pen Set,4,331.85,0.0,1327.4,313.64
ORD-0512,2025-05-28,1025,Customer 1025,North,Delhi,New Delhi,Furniture,Filing Cabinet,2,12177.63,0.1,21919.73,3056.57
ORD-0513,2025-09-06,1111,Customer 1111,West,Maharashtra,Pune,Office Supplies,Stapler,3,398.44,0.05,1135.55,164.94
ORD-0514,2025-02-20,1193,Customer 1193,East,West Bengal,Kolkata,Technology,Mouse,3,1769.51,0.0,5308.53,1011.17
ORD-0515,2025-10-16,1187,Customer 1187,East,Jharkhand,Ranchi,Office Supplies,Stapler,3,292.22,0.0,876.66,47.63
ORD-0516,2025-10-21,1080,Customer 1080,West,Rajasthan,Udaipur,Office Supplies,Printer Paper,5,497.44,0.1,2238.48,101.49
ORD-0517,2025-08-02,1236,Customer 1236,North,Punjab,Ludhiana,Office Supplies,Stapler,5,263.24,0.0,1316.2,157.23
ORD-0518,2025-03-18,1158,Customer 1158,West,Rajasthan,Udaipur,Office Supplies,Pen Set,3,239.94,0.0,719.82,122.45
ORD-0519,2025-10-30,1088,Customer 1088,East,Odisha,Bhubaneswar,Office Supplies,File Folder,3,89.68,0.1,242.14,36.58
ORD-0520,2025-01-21,1031,Customer 1031,North,Delhi,New Delhi,Technology,Headphones,2,4176.42,0.0,8352.84,1057.51
ORD-0521,2025-01-25,1028,Customer 1028,East,West Bengal,Kolkata,Furniture,Filing Cabinet,2,5058.18,0.05,9610.54,788.34
ORD-0522,2025-12-21,1003,Customer 1003,South,Tamil Nadu,Coimbatore,Technology,Keyboard,1,864.56,0.1,778.1,111.11
ORD-0523,2025-05-06,1173,Customer 1173,South,Kerala,Kochi,Technology,Keyboard,3,1758.57,0.05,5011.92,704.27
ORD-0524,2025-12-02,1042,Customer 1042,North,Delhi,New Delhi,Technology,Keyboard,4,2123.24,0.05,8068.31,925.57
ORD-0525,2025-02-17,1105,Customer 1105,South,Telangana,Hyderabad,Technology,Monitor,3,10141.25,0.0,30423.75,4402.14
ORD-0526,2025-01-15,1223,Customer 1223,North,Delhi,New Delhi,Home Appliances,Air Cooler,4,12844.41,0.1,46239.88,7696.53
ORD-0527,2025-09-18,1247,Customer 1247,North,Uttar Pradesh,Lucknow,Home Appliances,Electric Kettle,4,3057.75,0.15,10396.35,2143.07
ORD-0528,2025-03-08,1008,Customer 1008,North,Haryana,Gurugram,Technology,Monitor,1,10789.19,0.0,10789.19,2390.84
ORD-0529,2025-03-14,1074,Customer 1074,East,West Bengal,Kolkata,Home Appliances,Vacuum Cleaner,4,10122.15,0.1,36439.74,7393.29
ORD-0530,2025-06-28,1218,Customer 1218,West,Maharashtra,Pune,Home Appliances,Vacuum Cleaner,5,12658.59,0.1,56963.66,12422.22
ORD-0531,2025-12-25,1122,Customer 1122,South,Kerala,Kochi,Technology,Headphones,4,2399.54,0.1,8638.34,856.02
ORD-0532,2025-08-02,1211,Customer 1211,East,West Bengal,Kolkata,Furniture,Table Lamp,3,715.67,0.1,1932.31,373.69
ORD-0533,2025-07-02,1035,Customer 1035,West,Maharashtra,Nagpur,Technology,Mouse,1,1320.8,0.1,1188.72,39.33
ORD-0534,2025-03-21,1220,Customer 1220,East,Odisha,Bhubaneswar,Home Appliances,Electric Kettle,4,2316.99,0.1,8341.16,1600.37
ORD-0535,2025-08-03,1006,Customer 1006,East,West Bengal,Kolkata,Furniture,Desk,5,11922.4,0.0,59612.0,10207.55
ORD-0536,2025-03-16,1131,Customer 1131,South,Tamil Nadu,Coimbatore,Office Supplies,Pen Set,5,154.92,0.2,619.68,57.44
ORD-0537,2025-04-22,1020,Customer 1020,East,Bihar,Patna,Furniture,Bookshelf,3,10425.96,0.2,25022.3,4111.98
ORD-0538,2025-08-25,1246,Customer 1246,West,Rajasthan,Jaipur,Furniture,Table Lamp,3,2906.79,0.0,8720.37,593.73
ORD-0539,2025-03-04,1178,Customer 1178,South,Kerala,Kochi,Office Supplies,Pen Set,4,331.13,0.05,1258.29,143.66
ORD-0540,2025-04-09,1190,Customer 1190,East,Bihar,Patna,Home Appliances,Electric Kettle,4,2278.22,0.1,8201.59,1806.93
ORD-0541,2025-07-25,1246,Customer 1246,West,Gujarat,Surat,Home Appliances,Air Cooler,2,7424.77,0.2,11879.63,1865.03
ORD-0542,2025-12-20,1105,Customer 1105,South,Karnataka,Bengaluru,Home Appliances,Electric Kettle,5,1520.28,0.0,7601.4,904.07
ORD-0543,2025-03-23,1098,Customer 1098,South,Kerala,Kochi,Furniture,Table Lamp,5,776.52,0.0,3882.6,513.78
ORD-0544,2025-03-30,1206,Customer 1206,North,Delhi,New Delhi,Office Supplies,Printer Paper,5,437.19,0.05,2076.65,355.88
ORD-0545,2025-09-30,1171,Customer 1171,East,West Bengal,Kolkata,Furniture,Desk,2,7690.95,0.15,13074.62,1949.28
ORD-0546,2025-01-16,1148,Customer 1148,North,Delhi,New Delhi,Technology,Laptop,3,47189.31,0.0,141567.93,17919.63
ORD-0547,2025-08-02,1064,Customer 1064,East,Odisha,Bhubaneswar,Technology,Keyboard,2,1002.07,0.0,2004.14,86.59
ORD-0548,2025-05-05,1004,Customer 1004,North,Uttar Pradesh,Noida,Technology,Laptop,2,47920.14,0.1,86256.25,15405.38
ORD-0549,2025-10-17,1062,Customer 1062,East,Odisha,Bhubaneswar,Office Supplies,Stapler,2,182.66,0.0,365.32,35.96
ORD-0550,2025-03-20,1189,Customer 1189,North,Haryana,Gurugram,Technology,Laptop,2,79641.43,0.0,159282.86,28928.79
ORD-0551,2025-07-12,1070,Customer 1070,South,Karnataka,Mysuru,Office Supplies,Printer Paper,4,646.85,0.15,2199.29,108.36
ORD-0552,2025-07-03,1042,Customer 1042,West,Rajasthan,Udaipur,Furniture,Office Chair,3,6219.3,0.15,15859.22,518.3
ORD-0553,2025-03-24,1175,Customer 1175,North,Uttar Pradesh,Noida,Furniture,Office Chair,1,9496.33,0.05,9021.51,837.19
ORD-0554,2025-01-31,1098,Customer 1098,West,Maharashtra,Pune,Home Appliances,Vacuum Cleaner,2,7976.5,0.05,15155.35,1683.77
ORD-0555,2025-02-26,1147,Customer 1147,East,Bihar,Patna,Furniture,Bookshelf,4,4166.06,0.1,14997.82,496.53
ORD-0556,2025-10-04,1219,Customer 1219,North,Haryana,Gurugram,Furniture,Filing Cabinet,5,6251.02,0.05,29692.34,4110.07
ORD-0557,2025-06-20,1192,Customer 1192,East,Odisha,Bhubaneswar,Home Appliances,Blender,1,6598.12,0.15,5608.4,473.87
ORD-0558,2025-01-16,1078,Customer 1078,South,Kerala,Thiruvananthapuram,Office Supplies,Printer Paper,3,530.37,0.0,1591.11,170.73
ORD-0559,2025-08-27,1182,Customer 1182,East,West Bengal,Kolkata,Furniture,Office Chair,5,10817.97,0.1,48680.86,4490.96
ORD-0560,2025-01-27,1044,Customer 1044,North,Haryana,Gurugram,Office Supplies,Printer Paper,2,543.88,0.1,978.98,204.5
ORD-0561,2025-12-02,1097,Customer 1097,South,Karnataka,Mysuru,Technology,Headphones,5,3187.03,0.1,14341.64,1272.42
ORD-0562,2025-02-01,1058,Customer 1058,West,Rajasthan,Jaipur,Technology,Laptop,2,81962.92,0.15,139336.96,18710.06
ORD-0563,2025-08-16,1158,Customer 1158,West,Gujarat,Surat,Furniture,Desk,5,12731.85,0.0,63659.25,5468.62
ORD-0564,2025-07-27,1056,Customer 1056,East,Jharkhand,Ranchi,Furniture,Bookshelf,1,8208.66,0.1,7387.79,1333.89
ORD-0565,2025-04-24,1036,Customer 1036,South,Tamil Nadu,Chennai,Office Supplies,Printer Paper,5,387.17,0.1,1742.26,64.4
ORD-0566,2025-04-27,1176,Customer 1176,South,Kerala,Kochi,Technology,Keyboard,1,845.05,0.0,845.05,92.99
ORD-0567,2025-11-14,1121,Customer 1121,South,Telangana,Hyderabad,Technology,Laptop,1,58713.56,0.0,58713.56,8185.32
ORD-0568,2025-07-02,1146,Customer 1146,North,Delhi,New Delhi,Furniture,Bookshelf,5,8431.95,0.1,37943.78,3359.29
ORD-0569,2025-06-06,1014,Customer 1014,South,Kerala,Kochi,Technology,Headphones,4,6721.96,0.1,24199.06,3201.57
ORD-0570,2025-09-04,1220,Customer 1220,West,Rajasthan,Jaipur,Technology,Headphones,3,1705.23,0.05,4859.91,845.55
ORD-0571,2025-10-25,1131,Customer 1131,East,West Bengal,Kolkata,Technology,Monitor,3,16396.42,0.1,44270.33,8519.88
ORD-0572,2025-11-04,1200,Customer 1200,West,Gujarat,Ahmedabad,Office Supplies,Notebook,4,334.07,0.1,1202.65,193.97
ORD-0573,2025-04-28,1010,Customer 1010,North,Delhi,New Delhi,Technology,Laptop,2,68336.86,0.05,129840.03,19767.5
ORD-0574,2025-11-30,1090,Customer 1090,South,Karnataka,Mysuru,Office Supplies,Notebook,1,282.12,0.05,268.01,16.13
ORD-0575,2025-10-13,1108,Customer 1108,West,Gujarat,Surat,Technology,Monitor,1,20673.42,0.1,18606.08,3297.43
ORD-0576,2025-03-28,1234,Customer 1234,South,Kerala,Thiruvananthapuram,Furniture,Table Lamp,5,2225.61,0.15,9458.84,1447.14
ORD-0577,2025-11-18,1040,Customer 1040,West,Goa,Panaji,Office Supplies,Pen Set,4,267.32,0.05,1015.82,211.27
ORD-0578,2025-05-03,1180,Customer 1180,South,Tamil Nadu,Coimbatore,Technology,Mouse,5,951.09,0.05,4517.68,904.52
ORD-0579,2025-03-10,1187,Customer 1187,West,Maharashtra,Nagpur,Office Supplies,File Folder,3,78.38,0.15,199.87,32.3
ORD-0580,2025-11-24,1154,Customer 1154,North,Punjab,Amritsar,Technology,Keyboard,5,2205.76,0.1,9925.92,1961.34
ORD-0581,2025-04-29,1108,Customer 1108,East,Odisha,Bhubaneswar,Office Supplies,Printer Paper,2,271.13,0.1,488.03,34.03
ORD-0582,2025-12-20,1004,Customer 1004,East,Bihar,Patna,Office Supplies,Notebook,2,272.18,0.15,462.71,74.0
ORD-0583,2025-05-05,1136,Customer 1136,South,Tamil Nadu,Coimbatore,Home Appliances,Blender,3,4936.06,0.0,14808.18,1310.11
ORD-0584,2025-01-10,1228,Customer 1228,East,West Bengal,Kolkata,Furniture,Bookshelf,5,10441.4,0.0,52207.0,3019.87
ORD-0585,2025-11-02,1236,Customer 1236,North,Punjab,Amritsar,Furniture,Desk,4,20839.68,0.1,75022.85,6717.08
ORD-0586,2025-11-26,1044,Customer 1044,East,Odisha,Bhubaneswar,Furniture,Filing Cabinet,2,5446.95,0.1,9804.51,572.34
ORD-0587,2025-02-26,1085,Customer 1085,East,Odisha,Bhubaneswar,Home Appliances,Vacuum Cleaner,1,9291.49,0.0,9291.49,423.78
ORD-0588,2025-06-29,1249,Customer 1249,West,Gujarat,Surat,Home Appliances,Microwave,2,8619.47,0.1,15515.05,1241.2
ORD-0589,2025-08-20,1199,Customer 1199,West,Goa,Panaji,Home Appliances,Vacuum Cleaner,1,13439.93,0.05,12767.93,1714.88
ORD-0590,2025-04-20,1146,Customer 1146,South,Kerala,Thiruvananthapuram,Office Supplies,Pen Set,5,453.92,0.0,2269.6,211.15
ORD-0591,2025-01-13,1161,Customer 1161,South,Telangana,Hyderabad,Furniture,Desk,1,11278.09,0.1,10150.28,1245.81
ORD-0592,2025-05-20,1065,Customer 1065,South,Telangana,Hyderabad,Office Supplies,Pen Set,2,122.49,0.05,232.73,46.52
ORD-0593,2025-04-14,1090,Customer 1090,West,Maharashtra,Nagpur,Furniture,Filing Cabinet,3,5921.3,0.1,15987.51,3091.74
ORD-0594,2025-05-07,1002,Customer 1002,North,Punjab,Ludhiana,Furniture,Filing Cabinet,5,8546.81,0.15,36323.94,4389.6
ORD-0595,2025-01-05,1229,Customer 1229,North,Uttar Pradesh,Lucknow,Furniture,Table Lamp,3,2768.27,0.1,7474.33,532.5
ORD-0596,2025-08-28,1143,Customer 1143,East,Bihar,Patna,Furniture,Table Lamp,4,2439.84,0.05,9271.39,704.41
ORD-0597,2025-08-07,1237,Customer 1237,North,Uttar Pradesh,Lucknow,Technology,Headphones,5,1956.05,0.0,9780.25,1774.24
ORD-0598,2025-09-13,1101,Customer 1101,South,Kerala,Thiruvananthapuram,Home Appliances,Vacuum Cleaner,1,5867.07,0.1,5280.36,1102.87
ORD-0599,2025-11-29,1226,Customer 1226,North,Punjab,Ludhiana,Home Appliances,Electric Kettle,2,2322.67,0.15,3948.54,239.74
ORD-0600,2025-07-19,1105,Customer 1105,West,Goa,Panaji,Technology,Laptop,5,82176.14,0.0,410880.7,71533.43
ORD-0601,2025-01-04,1010,Customer 1010,West,Gujarat,Ahmedabad,Technology,Headphones,2,1472.56,0.05,2797.86,345.16
ORD-0602,2025-05-26,1053,Customer 1053,North,Delhi,New Delhi,Technology,Keyboard,3,2405.84,0.0,7217.52,638.55
ORD-0603,2025-07-26,1178,Customer 1178,North,Haryana,Gurugram,Home Appliances,Vacuum Cleaner,4,7283.31,0.0,29133.24,2768.09
ORD-0604,2025-12-10,1091,Customer 1091,North,Uttar Pradesh,Lucknow,Office Supplies,Printer Paper,3,480.89,0.1,1298.4,64.19
ORD-0605,2025-07-18,1068,Customer 1068,North,Haryana,Gurugram,Office Supplies,Stapler,2,428.21,0.0,856.42,156.91
ORD-0606,2025-06-26,1216,Customer 1216,West,Gujarat,Ahmedabad,Office Supplies,Pen Set,4,243.89,0.1,878.0,150.47
ORD-0607,2025-08-02,1195,Customer 1195,South,Telangana,Hyderabad,Home Appliances,Air Cooler,1,7749.01,0.15,6586.66,946.84
ORD-0608,2025-02-13,1095,Customer 1095,East,Jharkhand,Ranchi,Office Supplies,File Folder,2,155.71,0.1,280.28,8.68
ORD-0609,2025-11-29,1037,Customer 1037,West,Maharashtra,Pune,Technology,Headphones,3,2968.44,0.0,8905.32,635.11
ORD-0610,2025-04-27,1249,Customer 1249,North,Uttar Pradesh,Lucknow,Home Appliances,Electric Kettle,4,2064.46,0.15,7019.16,301.94
ORD-0611,2025-01-10,1138,Customer 1138,West,Maharashtra,Pune,Technology,Headphones,3,6905.53,0.0,20716.59,1006.55
ORD-0612,2025-05-25,1009,Customer 1009,South,Kerala,Kochi,Office Supplies,File Folder,5,42.72,0.0,213.6,20.75
ORD-0613,2025-05-21,1161,Customer 1161,East,Odisha,Bhubaneswar,Office Supplies,Pen Set,1,327.37,0.1,294.63,67.05
ORD-0614,2025-01-21,1219,Customer 1219,North,Haryana,Faridabad,Office Supplies,Notebook,4,330.27,0.2,1056.86,141.09
ORD-0615,2025-10-04,1120,Customer 1120,East,West Bengal,Kolkata,Furniture,Office Chair,2,9891.95,0.2,15827.12,2847.24
ORD-0616,2025-02-09,1233,Customer 1233,South,Kerala,Kozhikode,Technology,Keyboard,3,2014.0,0.05,5739.9,393.35
ORD-0617,2025-07-17,1112,Customer 1112,South,Kerala,Kozhikode,Home Appliances,Vacuum Cleaner,3,7587.11,0.05,21623.26,3847.73
ORD-0618,2025-07-10,1118,Customer 1118,East,Bihar,Patna,Office Supplies,Pen Set,2,484.3,0.1,871.74,45.55
ORD-0619,2025-09-03,1167,Customer 1167,West,Maharashtra,Mumbai,Office Supplies,Stapler,3,198.12,0.15,505.21,38.01
ORD-0620,2025-08-04,1196,Customer 1196,South,Telangana,Hyderabad,Technology,Headphones,5,2518.11,0.1,11331.5,1863.9
ORD-0621,2025-10-13,1017,Customer 1017,East,Odisha,Bhubaneswar,Technology,Keyboard,3,1006.83,0.05,2869.47,301.81
ORD-0622,2025-08-02,1163,Customer 1163,East,Jharkhand,Ranchi,Office Supplies,Stapler,3,232.88,0.15,593.84,55.77
ORD-0623,2025-04-13,1096,Customer 1096,West,Rajasthan,Jaipur,Technology,Monitor,4,15667.22,0.15,53268.55,2453.05
ORD-0624,2025-11-06,1072,Customer 1072,North,Punjab,Ludhiana,Office Supplies,Notebook,2,180.45,0.0,360.9,45.71
ORD-0625,2025-02-04,1179,Customer 1179,South,Telangana,Hyderabad,Office Supplies,Notebook,2,146.86,0.05,279.03,50.93
ORD-0626,2025-07-25,1235,Customer 1235,East,Odisha,Bhubaneswar,Technology,Mouse,4,722.45,0.0,2889.8,584.77
ORD-0627,2025-05-13,1106,Customer 1106,West,Goa,Panaji,Office Supplies,Notebook,4,131.91,0.05,501.26,109.8
ORD-0628,2025-10-24,1062,Customer 1062,South,Kerala,Kozhikode,Furniture,Table Lamp,3,2096.85,0.0,6290.55,1127.73
ORD-0629,2025-02-13,1162,Customer 1162,South,Karnataka,Mysuru,Furniture,Filing Cabinet,2,8756.52,0.05,16637.39,3356.14
ORD-0630,2025-05-25,1176,Customer 1176,North,Uttar Pradesh,Lucknow,Office Supplies,Pen Set,5,317.92,0.0,1589.6,163.09
ORD-0631,2025-08-07,1137,Customer 1137,North,Uttar Pradesh,Noida,Furniture,Bookshelf,5,6933.43,0.05,32933.79,6506.91
ORD-0632,2025-06-25,1168,Customer 1168,North,Delhi,New Delhi,Office Supplies,Stapler,3,208.04,0.1,561.71,93.05
ORD-0633,2025-08-20,1164,Customer 1164,West,Gujarat,Ahmedabad,Furniture,Filing Cabinet,1,5548.15,0.1,4993.34,226.71
ORD-0634,2025-04-17,1022,Customer 1022,West,Rajasthan,Udaipur,Home Appliances,Air Cooler,3,9645.25,0.05,27488.96,4484.73
ORD-0635,2025-09-25,1181,Customer 1181,North,Delhi,New Delhi,Office Supplies,File Folder,5,168.11,0.0,840.55,145.07
ORD-0636,2025-08-06,1005,Customer 1005,West,Goa,Panaji,Technology,Keyboard,3,1999.99,0.0,5999.97,779.16
ORD-0637,2025-03-11,1066,Customer 1066,North,Haryana,Gurugram,Office Supplies,Pen Set,1,149.85,0.1,134.86,6.96
ORD-0638,2025-04-01,1125,Customer 1125,North,Haryana,Faridabad,Home Appliances,Blender,2,6998.72,0.1,12597.7,1731.01
ORD-0639,2025-04-24,1022,Customer 1022,North,Uttar Pradesh,Lucknow,Home Appliances,Vacuum Cleaner,5,5343.77,0.1,24046.97,1376.93
ORD-0640,2025-10-27,1176,Customer 1176,West,Gujarat,Ahmedabad,Office Supplies,Printer Paper,2,338.13,0.0,676.26,98.57
ORD-0641,2025-04-02,1069,Customer 1069,North,Uttar Pradesh,Lucknow,Furniture,Filing Cabinet,5,6161.78,0.1,27728.01,4523.24
ORD-0642,2025-02-16,1007,Customer 1007,South,Telangana,Hyderabad,Technology,Keyboard,5,940.36,0.05,4466.71,754.99
ORD-0643,2025-03-05,1147,Customer 1147,East,Bihar,Patna,Home Appliances,Microwave,5,16582.07,0.0,82910.35,9953.92
ORD-0644,2025-12-24,1097,Customer 1097,East,Bihar,Patna,Home Appliances,Vacuum Cleaner,2,5749.6,0.0,11499.2,1374.27
ORD-0645,2025-12-04,1111,Customer 1111,East,Bihar,Patna,Furniture,Bookshelf,3,9178.74,0.0,27536.22,3792.68
ORD-0646,2025-07-10,1195,Customer 1195,South,Telangana,Hyderabad,Technology,Keyboard,3,874.63,0.0,2623.89,350.77
ORD-0647,2025-07-08,1230,Customer 1230,South,Telangana,Hyderabad,Technology,Monitor,2,12577.21,0.05,23896.7,5117.17
ORD-0648,2025-08-06,1238,Customer 1238,West,Gujarat,Ahmedabad,Home Appliances,Blender,5,6247.73,0.1,28114.78,3175.95
ORD-0649,2025-09-16,1144,Customer 1144,East,West Bengal,Kolkata,Technology,Keyboard,4,1988.32,0.2,6362.62,1381.91
ORD-0650,2025-12-24,1062,Customer 1062,South,Tamil Nadu,Coimbatore,Furniture,Bookshelf,1,11016.96,0.0,11016.96,1668.0
ORD-0651,2025-09-05,1192,Customer 1192,South,Karnataka,Bengaluru,Technology,Keyboard,4,1625.24,0.1,5850.86,893.17
ORD-0652,2025-10-19,1080,Customer 1080,South,Kerala,Thiruvananthapuram,Technology,Monitor,4,11462.76,0.05,43558.49,9353.74
ORD-0653,2025-01-14,1159,Customer 1159,East,Odisha,Bhubaneswar,Technology,Mouse,5,857.43,0.05,4072.79,636.88
ORD-0654,2025-08-08,1220,Customer 1220,West,Maharashtra,Nagpur,Furniture,Filing Cabinet,5,11077.08,0.0,55385.4,6557.75
ORD-0655,2025-05-09,1117,Customer 1117,North,Delhi,New Delhi,Furniture,Desk,2,14692.53,0.05,27915.81,2653.47
ORD-0656,2025-03-28,1082,Customer 1082,South,Tamil Nadu,Coimbatore,Furniture,Filing Cabinet,2,5505.93,0.1,9910.67,1999.06
ORD-0657,2025-04-26,1117,Customer 1117,North,Haryana,Gurugram,Technology,Laptop,5,68191.71,0.0,340958.55,61769.42
ORD-0658,2025-01-24,1193,Customer 1193,North,Punjab,Amritsar,Furniture,Table Lamp,2,2445.65,0.1,4402.17,960.8
ORD-0659,2025-09-06,1015,Customer 1015,South,Karnataka,Mysuru,Technology,Keyboard,2,1768.63,0.1,3183.53,311.3
ORD-0660,2025-04-13,1226,Customer 1226,South,Karnataka,Mysuru,Office Supplies,File Folder,1,89.64,0.1,80.68,5.55
ORD-0661,2025-03-20,1176,Customer 1176,South,Kerala,Kochi,Office Supplies,Notebook,2,324.89,0.0,649.78,140.47
ORD-0662,2025-02-25,1188,Customer 1188,North,Delhi,New Delhi,Home Appliances,Air Cooler,3,9733.62,0.0,29200.86,2386.0
ORD-0663,2025-11-03,1128,Customer 1128,North,Delhi,New Delhi,Furniture,Bookshelf,3,9869.14,0.15,25166.31,3891.35
ORD-0664,2025-01-22,1169,Customer 1169,South,Tamil Nadu,Coimbatore,Home Appliances,Vacuum Cleaner,2,11771.24,0.1,21188.23,3443.68
ORD-0665,2025-07-07,1080,Customer 1080,North,Delhi,New Delhi,Furniture,Desk,3,19485.87,0.2,46766.09,2889.2
ORD-0666,2025-01-02,1103,Customer 1103,North,Haryana,Faridabad,Furniture,Bookshelf,3,5788.9,0.15,14761.69,2792.11
ORD-0667,2025-04-16,1250,Customer 1250,West,Maharashtra,Mumbai,Technology,Mouse,2,1716.7,0.2,2746.72,214.56
ORD-0668,2025-01-29,1185,Customer 1185,South,Kerala,Thiruvananthapuram,Home Appliances,Air Cooler,5,8463.05,0.05,40199.49,3424.0
ORD-0669,2025-06-21,1242,Customer 1242,East,Odisha,Bhubaneswar,Office Supplies,File Folder,3,131.32,0.05,374.26,61.0
ORD-0670,2025-02-27,1020,Customer 1020,South,Tamil Nadu,Chennai,Technology,Monitor,1,19471.45,0.0,19471.45,2089.51
ORD-0671,2025-08-24,1098,Customer 1098,East,Jharkhand,Ranchi,Home Appliances,Vacuum Cleaner,5,6357.46,0.2,25429.84,5773.45
ORD-0672,2025-05-11,1029,Customer 1029,South,Tamil Nadu,Coimbatore,Furniture,Bookshelf,2,7026.52,0.0,14053.04,1157.2
ORD-0673,2025-10-27,1231,Customer 1231,North,Haryana,Gurugram,Furniture,Table Lamp,3,2587.95,0.05,7375.66,518.86
ORD-0674,2025-11-29,1210,Customer 1210,West,Gujarat,Surat,Home Appliances,Air Cooler,5,11012.98,0.1,49558.41,9157.33
ORD-0675,2025-02-24,1198,Customer 1198,North,Punjab,Amritsar,Technology,Monitor,3,21950.92,0.05,62560.12,11861.87
ORD-0676,2025-01-11,1204,Customer 1204,South,Kerala,Thiruvananthapuram,Office Supplies,Stapler,2,257.74,0.0,515.48,39.27
ORD-0677,2025-09-12,1235,Customer 1235,West,Gujarat,Surat,Furniture,Filing Cabinet,5,7880.15,0.1,35460.68,1803.61
ORD-0678,2025-11-24,1207,Customer 1207,West,Maharashtra,Nagpur,Home Appliances,Blender,3,2543.1,0.0,7629.3,1124.35
ORD-0679,2025-06-18,1188,Customer 1188,South,Kerala,Kozhikode,Home Appliances,Microwave,1,12426.94,0.1,11184.25,776.39
ORD-0680,2025-08-08,1106,Customer 1106,East,West Bengal,Kolkata,Furniture,Table Lamp,5,2608.86,0.05,12392.08,889.92
ORD-0681,2025-08-30,1018,Customer 1018,West,Maharashtra,Nagpur,Technology,Keyboard,5,1828.24,0.05,8684.14,1910.59
ORD-0682,2025-02-15,1134,Customer 1134,South,Tamil Nadu,Chennai,Technology,Laptop,2,63045.2,0.1,113481.36,16548.73
ORD-0683,2025-03-11,1186,Customer 1186,West,Gujarat,Ahmedabad,Furniture,Office Chair,2,12396.66,0.1,22313.99,3404.09
ORD-0684,2025-08-21,1213,Customer 1213,North,Delhi,New Delhi,Office Supplies,Printer Paper,2,561.19,0.0,1122.38,82.35
ORD-0685,2025-08-18,1035,Customer 1035,West,Gujarat,Surat,Technology,Monitor,3,10094.77,0.2,24227.45,4083.23
ORD-0686,2025-05-13,1073,Customer 1073,West,Gujarat,Ahmedabad,Technology,Keyboard,3,1141.82,0.1,3082.91,533.01
ORD-0687,2025-10-24,1077,Customer 1077,South,Telangana,Hyderabad,Office Supplies,File Folder,2,43.45,0.05,82.56,6.47
ORD-0688,2025-05-23,1240,Customer 1240,South,Kerala,Kozhikode,Office Supplies,Printer Paper,4,332.72,0.15,1131.25,137.74
ORD-0689,2025-11-18,1215,Customer 1215,South,Telangana,Hyderabad,Home Appliances,Electric Kettle,3,2138.26,0.2,5131.82,756.12
ORD-0690,2025-10-21,1090,Customer 1090,North,Haryana,Faridabad,Home Appliances,Blender,5,6554.68,0.05,31134.73,6669.96
ORD-0691,2025-01-17,1173,Customer 1173,East,Jharkhand,Ranchi,Home Appliances,Air Cooler,3,7786.75,0.15,19856.21,3513.43
ORD-0692,2025-03-10,1011,Customer 1011,North,Delhi,New Delhi,Home Appliances,Vacuum Cleaner,3,10674.43,0.05,30422.13,6776.39
ORD-0693,2025-01-31,1188,Customer 1188,West,Goa,Panaji,Furniture,Filing Cabinet,3,6287.56,0.0,18862.68,2353.0
ORD-0694,2025-12-07,1180,Customer 1180,North,Punjab,Amritsar,Office Supplies,File Folder,5,139.92,0.15,594.66,104.12
ORD-0695,2025-08-13,1067,Customer 1067,South,Kerala,Kochi,Technology,Monitor,1,11241.02,0.15,9554.87,1567.69
ORD-0696,2025-10-05,1005,Customer 1005,East,Odisha,Bhubaneswar,Office Supplies,Pen Set,5,112.54,0.0,562.7,75.76
ORD-0697,2025-07-31,1178,Customer 1178,East,Jharkhand,Ranchi,Technology,Laptop,4,77600.61,0.05,294882.32,33444.41
ORD-0698,2025-06-27,1215,Customer 1215,North,Uttar Pradesh,Noida,Technology,Mouse,5,1745.16,0.15,7416.93,1346.55
ORD-0699,2025-11-01,1210,Customer 1210,South,Telangana,Hyderabad,Technology,Laptop,2,79663.83,0.1,143394.89,9432.26
ORD-0700,2025-09-27,1245,Customer 1245,South,Kerala,Kozhikode,Home Appliances,Microwave,1,8789.3,0.0,8789.3,1151.03
ORD-0701,2025-06-30,1019,Customer 1019,East,Odisha,Bhubaneswar,Furniture,Filing Cabinet,5,12249.2,0.05,58183.7,2781.79
ORD-0702,2025-01-17,1182,Customer 1182,East,West Bengal,Kolkata,Technology,Laptop,3,54533.49,0.1,147240.42,19760.41
ORD-0703,2025-01-11,1085,Customer 1085,South,Telangana,Hyderabad,Home Appliances,Microwave,3,15784.28,0.0,47352.84,6255.53
ORD-0704,2025-01-12,1168,Customer 1168,South,Telangana,Hyderabad,Office Supplies,Pen Set,3,278.92,0.2,669.41,78.72
ORD-0705,2025-05-17,1066,Customer 1066,East,West Bengal,Kolkata,Technology,Keyboard,4,1895.26,0.0,7581.04,1035.77
ORD-0706,2025-08-25,1226,Customer 1226,North,Punjab,Amritsar,Office Supplies,Notebook,2,300.94,0.1,541.69,32.61
ORD-0707,2025-09-30,1224,Customer 1224,West,Maharashtra,Pune,Office Supplies,Pen Set,4,132.78,0.0,531.12,101.35
ORD-0708,2025-02-06,1082,Customer 1082,East,Jharkhand,Ranchi,Technology,Keyboard,2,1588.38,0.05,3017.92,113.79
ORD-0709,2025-09-24,1235,Customer 1235,South,Kerala,Kozhikode,Furniture,Bookshelf,1,10293.78,0.1,9264.4,1000.2
ORD-0710,2025-01-29,1207,Customer 1207,North,Delhi,New Delhi,Office Supplies,Pen Set,2,178.0,0.05,338.2,49.43
ORD-0711,2025-11-27,1090,Customer 1090,South,Karnataka,Bengaluru,Furniture,Desk,4,12424.99,0.0,49699.96,9261.17
ORD-0712,2025-07-10,1227,Customer 1227,South,Tamil Nadu,Coimbatore,Office Supplies,Printer Paper,4,466.09,0.0,1864.36,119.0
ORD-0713,2025-07-30,1015,Customer 1015,North,Punjab,Amritsar,Office Supplies,Notebook,5,121.79,0.05,578.5,52.02
ORD-0714,2025-05-01,1009,Customer 1009,South,Telangana,Hyderabad,Home Appliances,Air Cooler,3,12098.66,0.1,32666.38,3138.35
ORD-0715,2025-08-02,1006,Customer 1006,West,Rajasthan,Udaipur,Technology,Laptop,3,80296.37,0.1,216800.2,19680.28
ORD-0716,2025-06-05,1222,Customer 1222,East,Bihar,Patna,Technology,Laptop,4,54642.57,0.0,218570.28,26496.19
ORD-0717,2025-10-07,1120,Customer 1120,East,West Bengal,Kolkata,Office Supplies,Printer Paper,2,649.94,0.0,1299.88,220.08
ORD-0718,2025-06-05,1107,Customer 1107,East,West Bengal,Kolkata,Furniture,Table Lamp,4,702.92,0.15,2389.93,342.72
ORD-0719,2025-07-29,1123,Customer 1123,South,Telangana,Hyderabad,Home Appliances,Vacuum Cleaner,2,12889.45,0.1,23201.01,4460.97
ORD-0720,2025-11-01,1225,Customer 1225,East,West Bengal,Kolkata,Home Appliances,Electric Kettle,2,1552.85,0.05,2950.41,357.43
ORD-0721,2025-02-22,1220,Customer 1220,West,Gujarat,Ahmedabad,Furniture,Table Lamp,2,2898.58,0.0,5797.16,601.52
ORD-0722,2025-09-07,1223,Customer 1223,North,Haryana,Faridabad,Furniture,Table Lamp,4,1066.07,0.05,4051.07,485.64
ORD-0723,2025-02-27,1106,Customer 1106,West,Gujarat,Surat,Office Supplies,File Folder,1,145.97,0.1,131.37,7.64
ORD-0724,2025-12-01,1119,Customer 1119,North,Haryana,Gurugram,Home Appliances,Air Cooler,3,7162.73,0.05,20413.78,2739.42
ORD-0725,2025-12-05,1240,Customer 1240,West,Gujarat,Ahmedabad,Technology,Keyboard,3,1043.04,0.05,2972.66,655.5
ORD-0726,2025-08-09,1236,Customer 1236,West,Goa,Panaji,Furniture,Bookshelf,3,6800.05,0.15,17340.13,864.17
ORD-0727,2025-09-03,1101,Customer 1101,West,Goa,Panaji,Furniture,Table Lamp,4,2095.62,0.15,7125.11,892.51
ORD-0728,2025-02-09,1033,Customer 1033,North,Haryana,Faridabad,Home Appliances,Electric Kettle,5,1435.74,0.1,6460.83,408.38
ORD-0729,2025-11-06,1181,Customer 1181,South,Karnataka,Bengaluru,Office Supplies,Pen Set,4,379.34,0.05,1441.49,220.38
ORD-0730,2025-08-23,1039,Customer 1039,East,Jharkhand,Ranchi,Furniture,Bookshelf,3,10223.28,0.05,29136.35,3633.75
ORD-0731,2025-09-30,1236,Customer 1236,East,Bihar,Patna,Home Appliances,Microwave,1,13242.55,0.1,11918.3,1160.82
ORD-0732,2025-07-05,1149,Customer 1149,North,Delhi,New Delhi,Home Appliances,Blender,5,2921.85,0.1,13148.32,2274.61
ORD-0733,2025-08-21,1010,Customer 1010,West,Gujarat,Surat,Home Appliances,Blender,3,5913.0,0.15,15078.15,958.83
ORD-0734,2025-11-08,1206,Customer 1206,West,Maharashtra,Pune,Furniture,Table Lamp,1,1136.85,0.05,1080.01,109.76
ORD-0735,2025-07-15,1087,Customer 1087,West,Gujarat,Ahmedabad,Technology,Mouse,4,502.32,0.05,1908.82,405.72
ORD-0736,2025-05-08,1007,Customer 1007,West,Goa,Panaji,Technology,Keyboard,3,1724.61,0.15,4397.76,935.37
ORD-0737,2025-10-19,1183,Customer 1183,North,Delhi,New Delhi,Technology,Monitor,1,15054.43,0.0,15054.43,1902.07
ORD-0738,2025-02-02,1232,Customer 1232,West,Rajasthan,Jaipur,Home Appliances,Air Cooler,4,15243.41,0.1,54876.28,3864.88
ORD-0739,2025-03-26,1247,Customer 1247,North,Delhi,New Delhi,Furniture,Bookshelf,5,10620.88,0.2,42483.52,8333.11
ORD-0740,2025-11-23,1047,Customer 1047,North,Haryana,Gurugram,Home Appliances,Electric Kettle,3,3481.21,0.05,9921.45,1913.88
ORD-0741,2025-12-03,1033,Customer 1033,East,Bihar,Patna,Home Appliances,Blender,2,4714.76,0.1,8486.57,1655.58
ORD-0742,2025-05-03,1064,Customer 1064,North,Delhi,New Delhi,Home Appliances,Microwave,5,13830.68,0.2,55322.72,8738.34
ORD-0743,2025-03-31,1100,Customer 1100,North,Delhi,New Delhi,Home Appliances,Vacuum Cleaner,4,7052.2,0.0,28208.8,1979.43
ORD-0744,2025-08-12,1103,Customer 1103,East,West Bengal,Kolkata,Home Appliances,Air Cooler,2,14986.98,0.0,29973.96,2909.64
ORD-0745,2025-12-11,1136,Customer 1136,South,Telangana,Hyderabad,Technology,Headphones,2,2249.07,0.1,4048.33,347.16
ORD-0746,2025-10-06,1133,Customer 1133,South,Karnataka,Mysuru,Technology,Mouse,1,1736.19,0.15,1475.76,234.47
ORD-0747,2025-02-08,1078,Customer 1078,East,Bihar,Patna,Home Appliances,Electric Kettle,5,2440.15,0.2,9760.6,1411.52
ORD-0748,2025-04-23,1122,Customer 1122,South,Tamil Nadu,Chennai,Furniture,Table Lamp,1,2358.82,0.0,2358.82,339.81
ORD-0749,2025-12-21,1138,Customer 1138,South,Kerala,Kozhikode,Home Appliances,Air Cooler,4,13320.92,0.15,45291.13,5151.13
ORD-0750,2025-09-24,1138,Customer 1138,West,Rajasthan,Udaipur,Technology,Mouse,3,1165.89,0.1,3147.9,537.65
ORD-0751,2025-03-23,1067,Customer 1067,North,Uttar Pradesh,Lucknow,Home Appliances,Air Cooler,5,12603.18,0.0,63015.9,4752.54
ORD-0752,2025-06-26,1039,Customer 1039,East,Bihar,Patna,Furniture,Table Lamp,1,2088.72,0.05,1984.28,248.51
ORD-0753,2025-01-25,1055,Customer 1055,North,Uttar Pradesh,Noida,Home Appliances,Vacuum Cleaner,2,12804.71,0.0,25609.42,1419.61
ORD-0754,2025-08-16,1191,Customer 1191,East,Bihar,Patna,Office Supplies,Notebook,4,327.09,0.15,1112.11,201.16
ORD-0755,2025-11-27,1199,Customer 1199,East,Odisha,Bhubaneswar,Home Appliances,Blender,5,3664.51,0.15,15574.17,2361.96
ORD-0756,2025-01-29,1075,Customer 1075,West,Goa,Panaji,Office Supplies,Printer Paper,2,633.91,0.1,1141.04,221.59
ORD-0757,2025-08-17,1077,Customer 1077,West,Gujarat,Surat,Home Appliances,Electric Kettle,2,1734.99,0.0,3469.98,381.29
ORD-0758,2025-12-25,1107,Customer 1107,South,Karnataka,Bengaluru,Technology,Keyboard,2,1792.55,0.0,3585.1,595.85
ORD-0759,2025-07-12,1127,Customer 1127,North,Delhi,New Delhi,Home Appliances,Blender,3,3703.41,0.1,9999.21,1823.43
ORD-0760,2025-07-25,1210,Customer 1210,North,Uttar Pradesh,Lucknow,Technology,Mouse,3,1175.56,0.0,3526.68,267.05
ORD-0761,2025-09-17,1086,Customer 1086,North,Punjab,Amritsar,Technology,Headphones,4,5948.73,0.0,23794.92,3912.7
ORD-0762,2025-12-03,1228,Customer 1228,North,Punjab,Ludhiana,Furniture,Table Lamp,5,2941.97,0.15,12503.37,697.09
ORD-0763,2025-03-20,1066,Customer 1066,North,Haryana,Gurugram,Home Appliances,Electric Kettle,4,2354.19,0.05,8945.92,826.46
ORD-0764,2025-11-30,1128,Customer 1128,North,Haryana,Gurugram,Technology,Monitor,3,13992.25,0.15,35680.24,6562.57
ORD-0765,2025-10-23,1221,Customer 1221,East,Jharkhand,Ranchi,Furniture,Table Lamp,1,1966.59,0.15,1671.6,129.39
ORD-0766,2025-12-22,1198,Customer 1198,South,Karnataka,Mysuru,Furniture,Desk,4,11625.28,0.15,39525.95,7416.04
ORD-0767,2025-03-29,1105,Customer 1105,South,Tamil Nadu,Coimbatore,Furniture,Office Chair,1,10455.25,0.1,9409.72,1750.73
ORD-0768,2025-07-23,1036,Customer 1036,South,Kerala,Thiruvananthapuram,Technology,Keyboard,3,1322.18,0.1,3569.89,378.94
ORD-0769,2025-07-03,1058,Customer 1058,North,Punjab,Amritsar,Office Supplies,Notebook,1,324.85,0.1,292.36,16.78
ORD-0770,2025-02-25,1067,Customer 1067,West,Rajasthan,Udaipur,Furniture,Bookshelf,3,7284.79,0.15,18576.21,3601.88
ORD-0771,2025-04-15,1082,Customer 1082,West,Rajasthan,Udaipur,Furniture,Desk,2,10590.55,0.05,20122.04,1859.11
ORD-0772,2025-09-14,1120,Customer 1120,West,Maharashtra,Pune,Furniture,Filing Cabinet,3,8120.47,0.1,21925.27,4178.08
ORD-0773,2025-05-09,1082,Customer 1082,South,Telangana,Hyderabad,Office Supplies,Stapler,1,333.3,0.15,283.3,9.71
ORD-0774,2025-06-01,1205,Customer 1205,East,Jharkhand,Ranchi,Office Supplies,File Folder,2,46.08,0.05,87.55,16.42
ORD-0775,2025-07-05,1081,Customer 1081,North,Delhi,New Delhi,Office Supplies,Pen Set,2,240.68,0.1,433.22,17.97
ORD-0776,2025-10-15,1160,Customer 1160,West,Gujarat,Surat,Furniture,Table Lamp,2,2404.03,0.1,4327.25,396.55
ORD-0777,2025-11-04,1231,Customer 1231,South,Telangana,Hyderabad,Furniture,Office Chair,3,9633.21,0.05,27454.65,4668.29
ORD-0778,2025-02-14,1168,Customer 1168,East,Jharkhand,Ranchi,Technology,Keyboard,4,1596.76,0.05,6067.69,570.79
ORD-0779,2025-08-27,1126,Customer 1126,South,Karnataka,Mysuru,Office Supplies,Notebook,5,239.65,0.15,1018.51,193.68
ORD-0780,2025-03-03,1214,Customer 1214,East,Odisha,Bhubaneswar,Technology,Laptop,5,66987.38,0.15,284696.36,41330.55
ORD-0781,2025-05-12,1248,Customer 1248,South,Telangana,Hyderabad,Office Supplies,Notebook,5,232.05,0.15,986.21,50.46
ORD-0782,2025-02-04,1028,Customer 1028,South,Karnataka,Bengaluru,Furniture,Office Chair,1,16241.59,0.1,14617.43,2944.56
ORD-0783,2025-11-16,1105,Customer 1105,North,Delhi,New Delhi,Office Supplies,Pen Set,1,334.94,0.0,334.94,75.8
ORD-0784,2025-08-13,1049,Customer 1049,West,Maharashtra,Mumbai,Furniture,Desk,3,16027.4,0.0,48082.2,10255.59
ORD-0785,2025-01-08,1079,Customer 1079,East,West Bengal,Kolkata,Furniture,Table Lamp,2,1360.66,0.1,2449.19,497.7
ORD-0786,2025-04-11,1170,Customer 1170,East,Odisha,Bhubaneswar,Home Appliances,Electric Kettle,5,1919.24,0.1,8636.58,585.96
ORD-0787,2025-11-13,1188,Customer 1188,West,Goa,Panaji,Technology,Laptop,4,79989.88,0.15,271965.59,46477.18
ORD-0788,2025-11-29,1065,Customer 1065,South,Tamil Nadu,Coimbatore,Furniture,Filing Cabinet,1,11195.22,0.05,10635.46,701.0
ORD-0789,2025-05-19,1098,Customer 1098,North,Delhi,New Delhi,Technology,Keyboard,4,1094.9,0.05,4160.62,441.02
ORD-0790,2025-07-24,1149,Customer 1149,South,Telangana,Hyderabad,Office Supplies,Notebook,3,128.51,0.0,385.53,16.64
ORD-0791,2025-12-22,1132,Customer 1132,South,Kerala,Kochi,Home Appliances,Blender,2,6797.51,0.1,12235.52,1541.52
ORD-0792,2025-05-10,1242,Customer 1242,South,Tamil Nadu,Coimbatore,Office Supplies,Printer Paper,2,457.04,0.0,914.08,202.56
ORD-0793,2025-11-21,1046,Customer 1046,West,Maharashtra,Pune,Furniture,Filing Cabinet,2,8512.59,0.0,17025.18,2879.41
ORD-0794,2025-12-20,1074,Customer 1074,South,Kerala,Thiruvananthapuram,Home Appliances,Vacuum Cleaner,2,10144.52,0.05,19274.59,3823.05
ORD-0795,2025-04-21,1090,Customer 1090,South,Tamil Nadu,Coimbatore,Technology,Headphones,1,5200.98,0.1,4680.88,276.07
ORD-0796,2025-07-18,1128,Customer 1128,East,Bihar,Patna,Home Appliances,Blender,2,3630.76,0.15,6172.29,1217.58
ORD-0797,2025-03-14,1144,Customer 1144,North,Punjab,Ludhiana,Home Appliances,Vacuum Cleaner,4,7639.76,0.05,29031.09,5180.85
ORD-0798,2025-04-06,1230,Customer 1230,North,Uttar Pradesh,Noida,Furniture,Bookshelf,2,6124.7,0.1,11024.46,928.17
ORD-0799,2025-02-14,1038,Customer 1038,West,Rajasthan,Udaipur,Office Supplies,Printer Paper,1,309.76,0.1,278.78,29.79
ORD-0800,2025-11-06,1177,Customer 1177,West,Gujarat,Surat,Furniture,Table Lamp,2,965.43,0.15,1641.23,223.25
ORD-0801,2025-08-11,1136,Customer 1136,East,Jharkhand,Ranchi,Technology,Keyboard,3,1172.52,0.0,3517.56,244.47
ORD-0802,2025-06-14,1204,Customer 1204,South,Tamil Nadu,Chennai,Office Supplies,Notebook,3,330.29,0.1,891.78,87.51
ORD-0803,2025-02-16,1102,Customer 1102,East,Jharkhand,Ranchi,Home Appliances,Electric Kettle,4,3191.85,0.0,12767.4,2272.32
ORD-0804,2025-03-17,1004,Customer 1004,North,Delhi,New Delhi,Office Supplies,File Folder,1,137.73,0.1,123.96,14.13
ORD-0805,2025-03-18,1211,Customer 1211,West,Goa,Panaji,Home Appliances,Microwave,5,11172.59,0.1,50276.66,6899.44
ORD-0806,2025-03-25,1112,Customer 1112,North,Punjab,Amritsar,Furniture,Office Chair,1,15159.54,0.0,15159.54,998.42
ORD-0807,2025-09-01,1008,Customer 1008,North,Uttar Pradesh,Lucknow,Home Appliances,Microwave,3,12681.42,0.15,32337.62,5137.87
ORD-0808,2025-10-13,1033,Customer 1033,North,Haryana,Faridabad,Technology,Keyboard,3,2379.54,0.15,6067.83,657.01
ORD-0809,2025-09-28,1199,Customer 1199,North,Punjab,Amritsar,Furniture,Office Chair,4,6907.56,0.1,24867.22,3523.17
ORD-0810,2025-02-21,1217,Customer 1217,North,Haryana,Faridabad,Home Appliances,Electric Kettle,1,2746.25,0.1,2471.62,434.25
ORD-0811,2025-03-02,1055,Customer 1055,North,Haryana,Gurugram,Technology,Monitor,1,19462.83,0.05,18489.69,3360.38
ORD-0812,2025-07-29,1036,Customer 1036,South,Tamil Nadu,Coimbatore,Technology,Keyboard,1,1520.13,0.1,1368.12,271.29
ORD-0813,2025-03-24,1071,Customer 1071,West,Maharashtra,Mumbai,Technology,Keyboard,1,1396.93,0.05,1327.08,273.92
ORD-0814,2025-02-10,1122,Customer 1122,North,Haryana,Gurugram,Furniture,Table Lamp,2,1140.5,0.1,2052.9,423.23
ORD-0815,2025-07-28,1052,Customer 1052,West,Goa,Panaji,Home Appliances,Electric Kettle,4,3078.62,0.2,9851.58,1758.77
ORD-0816,2025-06-01,1196,Customer 1196,East,Odisha,Bhubaneswar,Technology,Keyboard,4,716.96,0.15,2437.66,198.05
ORD-0817,2025-04-04,1190,Customer 1190,West,Goa,Panaji,Technology,Mouse,4,615.16,0.15,2091.54,176.21
ORD-0818,2025-12-21,1089,Customer 1089,South,Tamil Nadu,Coimbatore,Office Supplies,Notebook,4,291.95,0.1,1051.02,69.88
ORD-0819,2025-01-09,1023,Customer 1023,North,Haryana,Gurugram,Technology,Headphones,2,6349.46,0.05,12063.97,1736.07
ORD-0820,2025-09-27,1208,Customer 1208,West,Goa,Panaji,Technology,Monitor,5,10703.19,0.1,48164.36,2228.61
ORD-0821,2025-01-23,1072,Customer 1072,West,Rajasthan,Jaipur,Office Supplies,Printer Paper,4,639.18,0.0,2556.72,518.19
ORD-0822,2025-08-03,1103,Customer 1103,North,Punjab,Amritsar,Office Supplies,Notebook,4,196.85,0.05,748.03,131.6
ORD-0823,2025-10-24,1010,Customer 1010,West,Gujarat,Ahmedabad,Home Appliances,Electric Kettle,3,1409.15,0.15,3593.33,643.16
ORD-0824,2025-07-29,1221,Customer 1221,West,Maharashtra,Pune,Home Appliances,Microwave,1,17677.4,0.05,16793.53,3355.94
ORD-0825,2025-04-15,1058,Customer 1058,West,Rajasthan,Jaipur,Furniture,Table Lamp,2,1914.51,0.2,3063.22,557.0
ORD-0826,2025-04-11,1052,Customer 1052,West,Rajasthan,Jaipur,Office Supplies,Printer Paper,4,571.75,0.0,2287.0,370.01
ORD-0827,2025-08-06,1214,Customer 1214,North,Uttar Pradesh,Noida,Office Supplies,File Folder,1,49.86,0.05,47.37,3.82
ORD-0828,2025-01-30,1070,Customer 1070,South,Telangana,Hyderabad,Office Supplies,Printer Paper,2,617.1,0.0,1234.2,256.33
ORD-0829,2025-12-17,1064,Customer 1064,West,Maharashtra,Mumbai,Furniture,Bookshelf,4,4371.22,0.1,15736.39,2156.67
ORD-0830,2025-03-24,1032,Customer 1032,North,Delhi,New Delhi,Furniture,Filing Cabinet,1,7153.33,0.05,6795.66,1252.52
ORD-0831,2025-03-14,1244,Customer 1244,South,Karnataka,Mysuru,Office Supplies,Pen Set,5,394.83,0.0,1974.15,386.21
ORD-0832,2025-07-03,1053,Customer 1053,East,Bihar,Patna,Office Supplies,Notebook,3,203.73,0.05,580.63,48.89
ORD-0833,2025-07-30,1122,Customer 1122,West,Maharashtra,Nagpur,Home Appliances,Electric Kettle,2,3412.34,0.1,6142.21,775.07
ORD-0834,2025-03-02,1237,Customer 1237,East,Jharkhand,Ranchi,Technology,Laptop,3,75848.99,0.0,227546.97,46032.18
ORD-0835,2025-04-09,1200,Customer 1200,North,Punjab,Ludhiana,Technology,Laptop,3,64456.2,0.1,174031.74,10310.48
ORD-0836,2025-09-28,1051,Customer 1051,North,Delhi,New Delhi,Office Supplies,Stapler,2,362.32,0.1,652.18,139.69
ORD-0837,2025-08-11,1119,Customer 1119,West,Gujarat,Ahmedabad,Technology,Laptop,3,60326.58,0.1,162881.77,22038.93
ORD-0838,2025-06-18,1038,Customer 1038,East,Odisha,Bhubaneswar,Home Appliances,Vacuum Cleaner,4,6035.13,0.0,24140.52,1877.07
ORD-0839,2025-12-31,1139,Customer 1139,West,Gujarat,Ahmedabad,Office Supplies,Notebook,2,321.67,0.2,514.67,108.22
ORD-0840,2025-12-15,1161,Customer 1161,West,Goa,Panaji,Furniture,Desk,4,11270.32,0.15,38319.09,4617.46
ORD-0841,2025-07-25,1024,Customer 1024,North,Haryana,Faridabad,Furniture,Desk,4,14978.99,0.05,56920.16,2375.23
ORD-0842,2025-09-06,1157,Customer 1157,North,Uttar Pradesh,Noida,Office Supplies,Printer Paper,1,583.28,0.15,495.79,78.0
ORD-0843,2025-08-28,1218,Customer 1218,East,Bihar,Patna,Technology,Mouse,5,1022.27,0.05,4855.78,327.65
ORD-0844,2025-05-08,1244,Customer 1244,West,Rajasthan,Udaipur,Technology,Headphones,2,3060.13,0.2,4896.21,854.62
ORD-0845,2025-03-01,1149,Customer 1149,South,Kerala,Thiruvananthapuram,Home Appliances,Microwave,5,15583.85,0.1,70127.32,11256.36
ORD-0846,2025-10-24,1127,Customer 1127,North,Delhi,New Delhi,Office Supplies,Stapler,1,299.81,0.05,284.82,56.11
ORD-0847,2025-06-09,1001,Customer 1001,North,Delhi,New Delhi,Technology,Laptop,2,84130.62,0.0,168261.24,22408.93
ORD-0848,2025-03-02,1188,Customer 1188,East,West Bengal,Kolkata,Furniture,Office Chair,1,14039.64,0.0,14039.64,1090.13
ORD-0849,2025-06-19,1046,Customer 1046,North,Punjab,Amritsar,Furniture,Table Lamp,1,1397.55,0.05,1327.67,42.99
ORD-0850,2025-08-02,1201,Customer 1201,North,Uttar Pradesh,Noida,Furniture,Desk,4,14981.3,0.05,56928.94,10463.29
ORD-0851,2025-01-12,1219,Customer 1219,North,Punjab,Amritsar,Office Supplies,Printer Paper,1,325.35,0.0,325.35,11.33
ORD-0852,2025-06-08,1247,Customer 1247,West,Goa,Panaji,Home Appliances,Air Cooler,3,15496.37,0.05,44164.65,7301.41
ORD-0853,2025-04-27,1230,Customer 1230,South,Karnataka,Bengaluru,Technology,Keyboard,3,2099.2,0.1,5667.84,995.82
ORD-0854,2025-03-22,1122,Customer 1122,South,Kerala,Kozhikode,Home Appliances,Vacuum Cleaner,5,12167.19,0.1,54752.36,5002.75
ORD-0855,2025-06-17,1145,Customer 1145,West,Maharashtra,Pune,Home Appliances,Air Cooler,5,11439.23,0.1,51476.54,2985.52
ORD-0856,2025-05-06,1171,Customer 1171,East,Jharkhand,Ranchi,Furniture,Desk,2,11475.07,0.05,21802.63,1633.86
ORD-0857,2025-02-23,1237,Customer 1237,West,Maharashtra,Nagpur,Technology,Keyboard,2,2214.41,0.1,3985.94,638.12
ORD-0858,2025-10-14,1135,Customer 1135,North,Punjab,Ludhiana,Furniture,Bookshelf,5,5465.36,0.1,24594.12,3227.77
ORD-0859,2025-04-17,1134,Customer 1134,North,Haryana,Faridabad,Home Appliances,Electric Kettle,1,1893.2,0.1,1703.88,116.44
ORD-0860,2025-06-13,1059,Customer 1059,West,Goa,Panaji,Furniture,Filing Cabinet,3,13736.01,0.0,41208.03,6202.37
ORD-0861,2025-01-21,1021,Customer 1021,East,West Bengal,Kolkata,Office Supplies,File Folder,4,116.08,0.05,441.1,39.39
ORD-0862,2025-04-26,1028,Customer 1028,East,Odisha,Bhubaneswar,Furniture,Filing Cabinet,3,9988.71,0.1,26969.52,5123.04
ORD-0863,2025-07-05,1245,Customer 1245,North,Haryana,Faridabad,Furniture,Desk,3,7345.71,0.15,18731.56,1663.85
ORD-0864,2025-12-12,1122,Customer 1122,North,Delhi,New Delhi,Technology,Mouse,4,1030.99,0.1,3711.56,746.51
ORD-0865,2025-08-17,1021,Customer 1021,North,Haryana,Faridabad,Office Supplies,File Folder,3,67.32,0.15,171.67,19.82
ORD-0866,2025-09-01,1060,Customer 1060,North,Haryana,Gurugram,Office Supplies,Notebook,5,166.53,0.2,666.12,125.07
ORD-0867,2025-02-24,1077,Customer 1077,East,West Bengal,Kolkata,Office Supplies,Stapler,3,322.68,0.05,919.64,189.16
ORD-0868,2025-07-24,1097,Customer 1097,East,Odisha,Bhubaneswar,Home Appliances,Blender,4,5837.08,0.0,23348.32,4646.54
ORD-0869,2025-04-19,1087,Customer 1087,South,Kerala,Kozhikode,Furniture,Table Lamp,5,2260.92,0.05,10739.37,2245.43
ORD-0870,2025-04-06,1188,Customer 1188,North,Haryana,Faridabad,Home Appliances,Vacuum Cleaner,5,5725.75,0.15,24334.44,1741.44
ORD-0871,2025-07-16,1121,Customer 1121,South,Kerala,Kochi,Home Appliances,Air Cooler,2,9027.16,0.1,16248.89,1142.32
ORD-0872,2025-06-22,1016,Customer 1016,East,Jharkhand,Ranchi,Technology,Laptop,2,69378.71,0.15,117943.81,12003.79
ORD-0873,2025-08-06,1115,Customer 1115,West,Goa,Panaji,Furniture,Office Chair,1,13893.47,0.2,11114.78,2178.73
ORD-0874,2025-05-21,1201,Customer 1201,South,Telangana,Hyderabad,Furniture,Office Chair,2,9113.39,0.0,18226.78,1321.18
ORD-0875,2025-06-16,1085,Customer 1085,East,Jharkhand,Ranchi,Office Supplies,Notebook,4,303.22,0.15,1030.95,80.04
ORD-0876,2025-11-22,1221,Customer 1221,South,Kerala,Thiruvananthapuram,Office Supplies,Stapler,1,377.25,0.05,358.39,64.93
ORD-0877,2025-09-21,1228,Customer 1228,South,Telangana,Hyderabad,Office Supplies,Printer Paper,1,502.24,0.05,477.13,35.13
ORD-0878,2025-12-21,1110,Customer 1110,East,Jharkhand,Ranchi,Furniture,Desk,5,8700.81,0.1,39153.64,4474.91
ORD-0879,2025-01-19,1086,Customer 1086,South,Telangana,Hyderabad,Home Appliances,Blender,4,5211.5,0.0,20846.0,4044.17
ORD-0880,2025-12-02,1125,Customer 1125,West,Goa,Panaji,Furniture,Table Lamp,3,2322.64,0.1,6271.13,821.08
ORD-0881,2025-01-08,1045,Customer 1045,North,Uttar Pradesh,Lucknow,Technology,Keyboard,2,2184.33,0.1,3931.79,401.92
ORD-0882,2025-12-04,1177,Customer 1177,East,Odisha,Bhubaneswar,Technology,Keyboard,1,2482.4,0.0,2482.4,55.17
ORD-0883,2025-02-02,1095,Customer 1095,South,Tamil Nadu,Chennai,Technology,Keyboard,2,2213.14,0.15,3762.34,615.7
ORD-0884,2025-06-09,1089,Customer 1089,North,Haryana,Faridabad,Technology,Keyboard,3,770.34,0.1,2079.92,66.67
ORD-0885,2025-09-25,1005,Customer 1005,North,Uttar Pradesh,Noida,Office Supplies,Notebook,1,276.97,0.05,263.12,44.12
ORD-0886,2025-12-13,1039,Customer 1039,South,Tamil Nadu,Chennai,Technology,Laptop,4,46638.06,0.1,167897.02,31234.12
ORD-0887,2025-02-23,1151,Customer 1151,North,Delhi,New Delhi,Office Supplies,Printer Paper,2,430.01,0.05,817.02,104.89
ORD-0888,2025-07-20,1049,Customer 1049,West,Gujarat,Surat,Technology,Laptop,4,68672.32,0.0,274689.28,22967.24
ORD-0889,2025-09-17,1012,Customer 1012,North,Delhi,New Delhi,Technology,Keyboard,5,1904.89,0.05,9048.23,1575.08
ORD-0890,2025-03-14,1030,Customer 1030,North,Delhi,New Delhi,Home Appliances,Vacuum Cleaner,1,5314.46,0.1,4783.01,927.11
ORD-0891,2025-04-20,1047,Customer 1047,East,West Bengal,Kolkata,Technology,Headphones,3,6920.7,0.1,18685.89,3872.83
ORD-0892,2025-03-08,1131,Customer 1131,North,Haryana,Faridabad,Technology,Headphones,4,4766.44,0.05,18112.47,835.61
ORD-0893,2025-11-26,1040,Customer 1040,North,Uttar Pradesh,Noida,Office Supplies,Pen Set,4,452.44,0.05,1719.27,222.3
ORD-0894,2025-06-13,1208,Customer 1208,West,Maharashtra,Pune,Technology,Keyboard,1,1199.07,0.2,959.26,162.45
ORD-0895,2025-06-24,1083,Customer 1083,West,Goa,Panaji,Furniture,Table Lamp,4,1802.89,0.0,7211.56,457.86
ORD-0896,2025-12-17,1112,Customer 1112,South,Tamil Nadu,Coimbatore,Office Supplies,Stapler,5,167.71,0.1,754.7,45.28
ORD-0897,2025-10-23,1001,Customer 1001,East,Bihar,Patna,Office Supplies,Printer Paper,5,621.33,0.0,3106.65,334.21
ORD-0898,2025-11-20,1086,Customer 1086,East,Jharkhand,Ranchi,Office Supplies,Pen Set,3,100.32,0.15,255.82,12.9
ORD-0899,2025-09-27,1072,Customer 1072,West,Rajasthan,Udaipur,Technology,Monitor,4,11131.11,0.1,40072.0,3834.33
ORD-0900,2025-03-07,1189,Customer 1189,North,Uttar Pradesh,Noida,Technology,Monitor,2,17610.83,0.0,35221.66,6295.3
ORD-0901,2025-12-11,1214,Customer 1214,South,Kerala,Thiruvananthapuram,Home Appliances,Blender,5,5513.35,0.1,24810.08,1473.18
ORD-0902,2025-07-18,1057,Customer 1057,East,West Bengal,Kolkata,Technology,Keyboard,1,1650.1,0.1,1485.09,275.26
ORD-0903,2025-01-05,1048,Customer 1048,South,Kerala,Kochi,Office Supplies,File Folder,2,72.17,0.1,129.91,18.64
ORD-0904,2025-08-16,1072,Customer 1072,South,Tamil Nadu,Coimbatore,Technology,Headphones,1,4903.04,0.05,4657.89,451.21
ORD-0905,2025-02-02,1001,Customer 1001,North,Delhi,New Delhi,Furniture,Filing Cabinet,4,10432.23,0.15,35469.58,3218.46
ORD-0906,2025-05-24,1225,Customer 1225,East,Bihar,Patna,Furniture,Office Chair,5,17836.2,0.05,84721.95,6479.07
ORD-0907,2025-12-21,1155,Customer 1155,South,Tamil Nadu,Coimbatore,Home Appliances,Air Cooler,2,9007.81,0.0,18015.62,1105.27
ORD-0908,2025-12-19,1130,Customer 1130,West,Goa,Panaji,Home Appliances,Vacuum Cleaner,5,5703.68,0.1,25666.56,5388.52
ORD-0909,2025-03-17,1094,Customer 1094,South,Kerala,Kozhikode,Office Supplies,Printer Paper,3,323.69,0.05,922.52,105.55
ORD-0910,2025-06-15,1246,Customer 1246,West,Goa,Panaji,Home Appliances,Microwave,5,9582.86,0.05,45518.58,6434.11
ORD-0911,2025-06-12,1013,Customer 1013,South,Karnataka,Mysuru,Technology,Laptop,3,63587.58,0.15,162148.33,22267.97
ORD-0912,2025-10-25,1222,Customer 1222,West,Maharashtra,Mumbai,Home Appliances,Microwave,1,10500.82,0.15,8925.7,1310.33
ORD-0913,2025-04-17,1235,Customer 1235,East,West Bengal,Kolkata,Furniture,Filing Cabinet,2,7608.93,0.0,15217.86,2242.81
ORD-0914,2025-05-07,1068,Customer 1068,South,Tamil Nadu,Coimbatore,Home Appliances,Air Cooler,1,7076.06,0.15,6014.65,169.32
ORD-0915,2025-01-04,1221,Customer 1221,South,Karnataka,Mysuru,Office Supplies,Notebook,1,92.09,0.0,92.09,11.08
ORD-0916,2025-07-26,1163,Customer 1163,West,Maharashtra,Pune,Home Appliances,Electric Kettle,3,3373.42,0.05,9614.25,1247.9
ORD-0917,2025-02-04,1246,Customer 1246,East,West Bengal,Kolkata,Office Supplies,Pen Set,4,458.6,0.2,1467.52,169.09
ORD-0918,2025-11-29,1055,Customer 1055,North,Haryana,Gurugram,Office Supplies,Printer Paper,4,267.86,0.05,1017.87,81.6
ORD-0919,2025-07-14,1139,Customer 1139,East,Odisha,Bhubaneswar,Home Appliances,Electric Kettle,1,2763.37,0.1,2487.03,449.02
ORD-0920,2025-11-23,1225,Customer 1225,North,Uttar Pradesh,Noida,Technology,Keyboard,4,2449.51,0.0,9798.04,1022.1
ORD-0921,2025-06-17,1111,Customer 1111,South,Karnataka,Bengaluru,Office Supplies,Notebook,1,105.64,0.1,95.08,7.53
ORD-0922,2025-01-29,1205,Customer 1205,West,Rajasthan,Jaipur,Office Supplies,Notebook,5,177.02,0.05,840.84,83.91
ORD-0923,2025-08-24,1241,Customer 1241,North,Delhi,New Delhi,Technology,Laptop,5,69997.75,0.1,314989.88,68223.47
ORD-0924,2025-02-07,1111,Customer 1111,West,Gujarat,Ahmedabad,Home Appliances,Electric Kettle,3,3100.84,0.15,7907.14,1410.62
ORD-0925,2025-01-24,1221,Customer 1221,South,Karnataka,Mysuru,Office Supplies,Printer Paper,4,642.76,0.15,2185.38,179.39
ORD-0926,2025-08-10,1037,Customer 1037,South,Karnataka,Mysuru,Furniture,Filing Cabinet,3,7332.94,0.0,21998.82,657.03
ORD-0927,2025-12-28,1041,Customer 1041,North,Delhi,New Delhi,Technology,Laptop,5,73367.23,0.0,366836.15,25843.42
ORD-0928,2025-07-10,1013,Customer 1013,East,Odisha,Bhubaneswar,Home Appliances,Air Cooler,5,11079.36,0.1,49857.12,9211.65
ORD-0929,2025-06-27,1002,Customer 1002,East,Bihar,Patna,Furniture,Filing Cabinet,1,13650.06,0.1,12285.05,1167.37
ORD-0930,2025-05-19,1106,Customer 1106,North,Punjab,Ludhiana,Furniture,Table Lamp,5,2979.43,0.0,14897.15,1941.67
ORD-0931,2025-05-10,1031,Customer 1031,South,Telangana,Hyderabad,Home Appliances,Vacuum Cleaner,1,11728.55,0.15,9969.27,1105.62
ORD-0932,2025-01-21,1138,Customer 1138,South,Karnataka,Mysuru,Home Appliances,Microwave,2,12978.69,0.15,22063.77,4144.09
ORD-0933,2025-03-02,1084,Customer 1084,South,Tamil Nadu,Chennai,Home Appliances,Electric Kettle,5,2406.2,0.15,10226.35,1001.54
ORD-0934,2025-01-21,1191,Customer 1191,North,Delhi,New Delhi,Furniture,Office Chair,3,9256.58,0.15,23604.28,1969.6
ORD-0935,2025-01-26,1114,Customer 1114,East,Odisha,Bhubaneswar,Technology,Laptop,3,63039.46,0.0,189118.38,35196.28
ORD-0936,2025-01-25,1083,Customer 1083,West,Gujarat,Ahmedabad,Home Appliances,Air Cooler,1,15642.4,0.1,14078.16,2651.5
ORD-0937,2025-10-22,1086,Customer 1086,North,Delhi,New Delhi,Furniture,Table Lamp,4,1291.37,0.15,4390.66,228.01
ORD-0938,2025-05-25,1016,Customer 1016,West,Rajasthan,Jaipur,Technology,Monitor,4,16418.64,0.05,62390.83,6573.72
ORD-0939,2025-12-01,1124,Customer 1124,South,Tamil Nadu,Coimbatore,Technology,Laptop,2,59789.51,0.05,113600.07,12587.68
ORD-0940,2025-10-19,1208,Customer 1208,East,West Bengal,Kolkata,Technology,Monitor,3,21357.88,0.1,57666.28,1960.56
ORD-0941,2025-09-19,1221,Customer 1221,East,Jharkhand,Ranchi,Furniture,Filing Cabinet,2,9790.74,0.15,16644.26,1120.24
ORD-0942,2025-09-07,1218,Customer 1218,East,Bihar,Patna,Furniture,Office Chair,4,10666.22,0.0,42664.88,7681.2
ORD-0943,2025-12-12,1066,Customer 1066,South,Telangana,Hyderabad,Office Supplies,Notebook,5,264.89,0.0,1324.45,266.01
ORD-0944,2025-11-06,1073,Customer 1073,West,Gujarat,Ahmedabad,Furniture,Table Lamp,1,2525.95,0.2,2020.76,288.67
ORD-0945,2025-05-03,1158,Customer 1158,West,Goa,Panaji,Home Appliances,Blender,2,6694.44,0.0,13388.88,1753.24
ORD-0946,2025-11-20,1133,Customer 1133,South,Kerala,Thiruvananthapuram,Furniture,Filing Cabinet,5,13674.36,0.1,61534.62,6584.66
ORD-0947,2025-04-23,1062,Customer 1062,West,Gujarat,Surat,Furniture,Filing Cabinet,5,5199.83,0.05,24699.19,5259.82
ORD-0948,2025-12-26,1132,Customer 1132,West,Gujarat,Ahmedabad,Technology,Keyboard,3,2397.44,0.1,6473.09,415.21
ORD-0949,2025-06-30,1059,Customer 1059,South,Telangana,Hyderabad,Home Appliances,Electric Kettle,3,1491.31,0.05,4250.23,558.98
ORD-0950,2025-11-17,1187,Customer 1187,South,Karnataka,Bengaluru,Office Supplies,Pen Set,4,360.35,0.0,1441.4,110.82
ORD-0951,2025-12-07,1051,Customer 1051,East,West Bengal,Kolkata,Technology,Laptop,1,79731.88,0.05,75745.29,3891.3
ORD-0952,2025-09-10,1017,Customer 1017,North,Uttar Pradesh,Lucknow,Furniture,Table Lamp,5,1896.37,0.05,9007.76,1814.26
ORD-0953,2025-07-19,1118,Customer 1118,South,Tamil Nadu,Chennai,Technology,Monitor,5,12764.58,0.1,57440.61,3688.21
ORD-0954,2025-08-17,1202,Customer 1202,South,Kerala,Kochi,Office Supplies,Notebook,2,148.87,0.0,297.74,17.36
ORD-0955,2025-06-14,1080,Customer 1080,West,Goa,Panaji,Furniture,Table Lamp,5,1982.96,0.05,9419.06,1211.91
ORD-0956,2025-02-03,1058,Customer 1058,North,Punjab,Amritsar,Furniture,Table Lamp,5,2764.93,0.05,13133.42,1902.45
ORD-0957,2025-12-10,1207,Customer 1207,South,Telangana,Hyderabad,Office Supplies,Pen Set,5,310.7,0.05,1475.82,91.91
ORD-0958,2025-03-27,1132,Customer 1132,South,Kerala,Thiruvananthapuram,Technology,Keyboard,2,709.57,0.05,1348.18,201.76
ORD-0959,2025-10-18,1229,Customer 1229,West,Maharashtra,Mumbai,Furniture,Filing Cabinet,4,12117.65,0.15,41200.01,7446.38
ORD-0960,2025-09-30,1048,Customer 1048,East,Odisha,Bhubaneswar,Home Appliances,Blender,1,4138.27,0.0,4138.27,540.22
ORD-0961,2025-12-23,1167,Customer 1167,West,Rajasthan,Udaipur,Home Appliances,Air Cooler,1,13264.28,0.05,12601.07,965.84
ORD-0962,2025-07-30,1074,Customer 1074,North,Uttar Pradesh,Noida,Furniture,Filing Cabinet,1,8582.78,0.0,8582.78,698.29
ORD-0963,2025-05-19,1243,Customer 1243,West,Gujarat,Surat,Home Appliances,Electric Kettle,5,2214.93,0.0,11074.65,586.91
ORD-0964,2025-03-29,1092,Customer 1092,South,Telangana,Hyderabad,Furniture,Table Lamp,5,1898.01,0.15,8066.54,1380.91
ORD-0965,2025-04-16,1103,Customer 1103,South,Kerala,Kochi,Furniture,Desk,1,14705.56,0.0,14705.56,867.59
ORD-0966,2025-04-25,1159,Customer 1159,West,Goa,Panaji,Furniture,Bookshelf,3,8931.69,0.2,21436.06,3017.81
ORD-0967,2025-11-07,1131,Customer 1131,East,Bihar,Patna,Office Supplies,Printer Paper,1,548.7,0.15,466.4,67.1
ORD-0968,2025-12-05,1117,Customer 1117,South,Kerala,Thiruvananthapuram,Furniture,Office Chair,5,7511.29,0.15,31922.98,6288.13
ORD-0969,2025-06-27,1170,Customer 1170,South,Kerala,Kochi,Furniture,Filing Cabinet,5,9162.11,0.15,38938.97,5024.77
ORD-0970,2025-06-22,1172,Customer 1172,West,Goa,Panaji,Technology,Monitor,3,9346.8,0.0,28040.4,6072.49
ORD-0971,2025-04-18,1162,Customer 1162,East,Bihar,Patna,Furniture,Table Lamp,5,2609.08,0.0,13045.4,2498.23
ORD-0972,2025-02-28,1157,Customer 1157,West,Maharashtra,Mumbai,Home Appliances,Electric Kettle,1,3499.33,0.15,2974.43,370.93
ORD-0973,2025-06-15,1092,Customer 1092,East,Odisha,Bhubaneswar,Technology,Headphones,1,5781.21,0.1,5203.09,385.57
ORD-0974,2025-06-07,1242,Customer 1242,West,Gujarat,Ahmedabad,Home Appliances,Blender,2,3353.8,0.0,6707.6,983.69
ORD-0975,2025-05-20,1087,Customer 1087,North,Uttar Pradesh,Lucknow,Furniture,Filing Cabinet,1,7321.46,0.05,6955.39,1545.94
ORD-0976,2025-10-07,1109,Customer 1109,West,Gujarat,Ahmedabad,Technology,Mouse,3,1444.76,0.0,4334.28,210.26
ORD-0977,2025-11-21,1191,Customer 1191,North,Uttar Pradesh,Noida,Home Appliances,Electric Kettle,5,1929.1,0.15,8198.67,1623.97
ORD-0978,2025-01-18,1053,Customer 1053,South,Karnataka,Bengaluru,Technology,Mouse,4,931.94,0.05,3541.37,787.98
ORD-0979,2025-09-09,1052,Customer 1052,East,Odisha,Bhubaneswar,Office Supplies,Pen Set,3,404.28,0.0,1212.84,185.3
ORD-0980,2025-06-17,1186,Customer 1186,West,Gujarat,Ahmedabad,Home Appliances,Microwave,3,14979.72,0.0,44939.16,9691.4
ORD-0981,2025-02-01,1168,Customer 1168,North,Uttar Pradesh,Lucknow,Furniture,Bookshelf,4,5973.98,0.05,22701.12,870.72
ORD-0982,2025-12-14,1105,Customer 1105,North,Delhi,New Delhi,Office Supplies,Pen Set,1,204.03,0.1,183.63,12.42
ORD-0983,2025-07-26,1135,Customer 1135,East,Odisha,Bhubaneswar,Home Appliances,Blender,1,5974.1,0.05,5675.4,1273.75
ORD-0984,2025-05-24,1097,Customer 1097,West,Goa,Panaji,Technology,Monitor,5,21508.42,0.15,91410.78,6995.42
ORD-0985,2025-06-04,1127,Customer 1127,South,Kerala,Kozhikode,Office Supplies,File Folder,3,42.14,0.0,126.42,11.76
ORD-0986,2025-12-19,1022,Customer 1022,North,Punjab,Ludhiana,Technology,Keyboard,2,1876.58,0.2,3002.53,152.01
ORD-0987,2025-11-23,1101,Customer 1101,North,Haryana,Faridabad,Technology,Mouse,5,425.25,0.15,1807.31,78.78
ORD-0988,2025-09-01,1001,Customer 1001,North,Punjab,Amritsar,Technology,Headphones,2,6966.87,0.1,12540.37,977.92
ORD-0989,2025-09-03,1208,Customer 1208,West,Rajasthan,Udaipur,Home Appliances,Electric Kettle,5,2788.96,0.1,12550.32,835.05
ORD-0990,2025-06-27,1051,Customer 1051,North,Delhi,New Delhi,Home Appliances,Vacuum Cleaner,3,12126.01,0.1,32740.23,3515.94
ORD-0991,2025-11-21,1015,Customer 1015,South,Karnataka,Mysuru,Technology,Headphones,5,3823.48,0.05,18161.53,1292.39
ORD-0992,2025-01-04,1201,Customer 1201,East,Jharkhand,Ranchi,Furniture,Desk,5,17200.69,0.1,77403.1,17260.79
ORD-0993,2025-02-11,1185,Customer 1185,North,Delhi,New Delhi,Technology,Keyboard,4,945.25,0.15,3213.85,352.28
ORD-0994,2025-08-23,1088,Customer 1088,North,Punjab,Ludhiana,Home Appliances,Air Cooler,4,11622.7,0.15,39517.18,4415.34
ORD-0995,2025-10-04,1049,Customer 1049,North,Haryana,Faridabad,Home Appliances,Vacuum Cleaner,2,11795.52,0.0,23591.04,3208.05
ORD-0996,2025-06-30,1201,Customer 1201,North,Uttar Pradesh,Lucknow,Technology,Laptop,1,80274.19,0.05,76260.48,9212.61
ORD-0997,2025-12-02,1220,Customer 1220,West,Rajasthan,Jaipur,Technology,Headphones,1,3449.03,0.05,3276.58,242.15
ORD-0998,2025-07-31,1197,Customer 1197,North,Punjab,Ludhiana,Technology,Keyboard,4,1185.95,0.1,4269.42,898.46
ORD-0999,2025-04-15,1034,Customer 1034,West,Rajasthan,Jaipur,Technology,Laptop,1,65523.09,0.1,58970.78,12510.2
ORD-1000,2025-06-14,1075,Customer 1075,West,Maharashtra,Nagpur,Home Appliances,Vacuum Cleaner,1,8477.7,0.1,7629.93,1230.21
ORD-1001,2025-08-05,1072,Customer 1072,West,Gujarat,Surat,Office Supplies,Printer Paper,3,349.95,0.1,944.86,190.13
ORD-1002,2025-03-13,1147,Customer 1147,North,Punjab,Ludhiana,Technology,Headphones,4,5602.36,0.1,20168.5,3465.67
ORD-1003,2025-05-26,1003,Customer 1003,East,West Bengal,Kolkata,Home Appliances,Electric Kettle,4,3118.46,0.1,11226.46,1255.1
ORD-1004,2025-06-15,1022,Customer 1022,South,Karnataka,Mysuru,Home Appliances,Electric Kettle,5,1865.14,0.15,7926.84,1472.68
ORD-1005,2025-11-29,1024,Customer 1024,West,Gujarat,Ahmedabad,Office Supplies,Pen Set,5,318.65,0.1,1433.92,196.61
ORD-1006,2025-05-29,1140,Customer 1140,East,Odisha,Bhubaneswar,Home Appliances,Blender,3,6339.83,0.2,15215.59,2212.88
ORD-1007,2025-05-24,1116,Customer 1116,East,Jharkhand,Ranchi,Technology,Headphones,2,6306.45,0.05,11982.26,1590.67
ORD-1008,2025-06-15,1010,Customer 1010,East,Odisha,Bhubaneswar,Home Appliances,Electric Kettle,5,1608.21,0.05,7639.0,1283.69
ORD-1009,2025-02-24,1135,Customer 1135,West,Gujarat,Ahmedabad,Furniture,Table Lamp,2,2066.06,0.0,4132.12,395.09
ORD-1010,2025-11-02,1143,Customer 1143,West,Rajasthan,Udaipur,Technology,Headphones,4,3616.23,0.1,13018.43,1190.53
ORD-1011,2025-05-10,1097,Customer 1097,South,Telangana,Hyderabad,Technology,Mouse,3,810.42,0.0,2431.26,304.37
ORD-1012,2025-12-14,1209,Customer 1209,East,Bihar,Patna,Home Appliances,Air Cooler,1,14455.4,0.05,13732.63,1266.15
ORD-1013,2025-03-27,1079,Customer 1079,West,Goa,Panaji,Technology,Headphones,3,5396.77,0.15,13761.76,1177.24
ORD-1014,2025-02-02,1231,Customer 1231,South,Karnataka,Mysuru,Technology,Keyboard,4,1944.71,0.15,6612.01,903.86
ORD-1015,2025-10-13,1225,Customer 1225,West,Goa,Panaji,Technology,Monitor,4,19818.48,0.1,71346.53,12220.17
ORD-1016,2025-03-15,1200,Customer 1200,West,Maharashtra,Nagpur,Furniture,Table Lamp,4,1587.48,0.2,5079.94,646.15
ORD-1017,2025-01-23,1035,Customer 1035,North,Haryana,Faridabad,Home Appliances,Vacuum Cleaner,2,12340.74,0.0,24681.48,3473.1
ORD-1018,2025-06-21,1002,Customer 1002,North,Haryana,Gurugram,Technology,Keyboard,5,1054.48,0.1,4745.16,926.86
ORD-1019,2025-10-31,1191,Customer 1191,South,Telangana,Hyderabad,Office Supplies,Stapler,5,385.98,0.05,1833.4,148.86
ORD-1020,2025-02-15,1085,Customer 1085,North,Delhi,New Delhi,Technology,Laptop,1,51806.11,0.05,49215.8,4189.98
ORD-1021,2025-03-14,1005,Customer 1005,East,Odisha,Bhubaneswar,Home Appliances,Vacuum Cleaner,4,8512.44,0.15,28942.3,3211.78
ORD-1022,2025-04-27,1023,Customer 1023,West,Goa,Panaji,Technology,Keyboard,2,2018.03,0.0,4036.06,582.97
ORD-1023,2025-01-20,1180,Customer 1180,East,Jharkhand,Ranchi,Technology,Monitor,2,15504.34,0.05,29458.25,1703.76
ORD-1024,2025-03-29,1110,Customer 1110,West,Gujarat,Surat,Home Appliances,Air Cooler,4,10733.63,0.1,38641.07,2410.24
ORD-1025,2025-02-02,1033,Customer 1033,South,Tamil Nadu,Coimbatore,Technology,Keyboard,4,855.6,0.1,3080.16,302.3
ORD-1026,2025-08-04,1070,Customer 1070,East,Odisha,Bhubaneswar,Office Supplies,File Folder,2,98.34,0.05,186.85,22.89
ORD-1027,2025-06-15,1027,Customer 1027,East,Jharkhand,Ranchi,Technology,Keyboard,2,2398.42,0.0,4796.84,610.08
ORD-1028,2025-05-21,1116,Customer 1116,North,Delhi,New Delhi,Furniture,Filing Cabinet,2,10038.42,0.0,20076.84,1402.03
ORD-1029,2025-02-01,1121,Customer 1121,South,Tamil Nadu,Coimbatore,Technology,Keyboard,5,810.34,0.1,3646.53,523.75
ORD-1030,2025-01-19,1119,Customer 1119,South,Tamil Nadu,Coimbatore,Home Appliances,Air Cooler,4,7942.86,0.05,30182.87,2099.38
ORD-1031,2025-11-15,1085,Customer 1085,South,Karnataka,Mysuru,Furniture,Table Lamp,3,1739.7,0.1,4697.19,686.15
ORD-1032,2025-02-28,1250,Customer 1250,North,Haryana,Gurugram,Home Appliances,Microwave,3,8948.84,0.05,25504.19,3026.58
ORD-1033,2025-12-01,1097,Customer 1097,South,Kerala,Kochi,Technology,Headphones,4,5200.27,0.1,18720.97,3242.89
ORD-1034,2025-02-25,1095,Customer 1095,South,Tamil Nadu,Chennai,Home Appliances,Air Cooler,4,7087.3,0.0,28349.2,2688.39
ORD-1035,2025-05-21,1185,Customer 1185,West,Goa,Panaji,Office Supplies,File Folder,3,42.87,0.05,122.18,14.76
ORD-1036,2025-09-15,1050,Customer 1050,North,Punjab,Ludhiana,Technology,Mouse,2,427.33,0.15,726.46,34.11
ORD-1037,2025-03-30,1240,Customer 1240,North,Haryana,Faridabad,Home Appliances,Blender,3,5576.07,0.15,14218.98,918.22
ORD-1038,2025-05-21,1235,Customer 1235,West,Gujarat,Surat,Office Supplies,Notebook,4,276.32,0.0,1105.28,100.79
ORD-1039,2025-02-03,1225,Customer 1225,East,Jharkhand,Ranchi,Home Appliances,Vacuum Cleaner,4,9623.61,0.05,36569.72,6519.41
ORD-1040,2025-12-17,1133,Customer 1133,West,Rajasthan,Udaipur,Home Appliances,Vacuum Cleaner,5,7457.5,0.1,33558.75,2565.71
ORD-1041,2025-08-14,1068,Customer 1068,West,Gujarat,Ahmedabad,Home Appliances,Microwave,2,13619.81,0.0,27239.62,2450.5
ORD-1042,2025-03-30,1181,Customer 1181,North,Haryana,Faridabad,Office Supplies,Pen Set,5,421.45,0.1,1896.52,145.27
ORD-1043,2025-11-17,1015,Customer 1015,East,West Bengal,Kolkata,Office Supplies,Notebook,5,195.99,0.1,881.96,79.69
ORD-1044,2025-07-27,1217,Customer 1217,North,Haryana,Gurugram,Office Supplies,Stapler,2,302.63,0.0,605.26,103.09
ORD-1045,2025-06-28,1163,Customer 1163,North,Delhi,New Delhi,Home Appliances,Microwave,5,13587.29,0.1,61142.81,2403.85
ORD-1046,2025-02-27,1180,Customer 1180,East,West Bengal,Kolkata,Technology,Laptop,5,46649.11,0.05,221583.27,33250.87
ORD-1047,2025-01-20,1249,Customer 1249,East,West Bengal,Kolkata,Furniture,Office Chair,1,11977.56,0.1,10779.8,1044.78
ORD-1048,2025-07-06,1013,Customer 1013,North,Delhi,New Delhi,Technology,Keyboard,1,1777.55,0.05,1688.67,255.51
ORD-1049,2025-08-07,1042,Customer 1042,East,Bihar,Patna,Home Appliances,Air Cooler,1,11568.73,0.15,9833.42,1192.32
ORD-1050,2025-09-03,1154,Customer 1154,East,Odisha,Bhubaneswar,Office Supplies,Printer Paper,3,583.31,0.05,1662.43,307.92
ORD-1051,2025-08-12,1065,Customer 1065,East,Odisha,Bhubaneswar,Technology,Headphones,5,6861.21,0.05,32590.75,4592.1
ORD-1052,2025-01-26,1100,Customer 1100,South,Telangana,Hyderabad,Furniture,Filing Cabinet,2,13348.05,0.05,25361.3,1179.21
ORD-1053,2025-03-03,1102,Customer 1102,North,Punjab,Ludhiana,Home Appliances,Blender,3,7112.49,0.15,18136.85,3333.0
ORD-1054,2025-10-17,1009,Customer 1009,South,Kerala,Kozhikode,Home Appliances,Microwave,1,15516.8,0.05,14740.96,2038.48
ORD-1055,2025-07-26,1151,Customer 1151,East,Jharkhand,Ranchi,Office Supplies,Printer Paper,1,331.8,0.05,315.21,41.4
ORD-1056,2025-04-28,1121,Customer 1121,North,Delhi,New Delhi,Technology,Monitor,5,19431.98,0.0,97159.9,12320.95
ORD-1057,2025-04-26,1111,Customer 1111,East,Jharkhand,Ranchi,Technology,Monitor,4,20841.43,0.15,70860.86,8693.02
ORD-1058,2025-05-31,1042,Customer 1042,West,Rajasthan,Jaipur,Furniture,Table Lamp,2,2840.22,0.1,5112.4,604.19
ORD-1059,2025-04-22,1175,Customer 1175,North,Uttar Pradesh,Lucknow,Home Appliances,Microwave,1,14238.89,0.1,12815.0,1366.44
ORD-1060,2025-06-16,1222,Customer 1222,West,Gujarat,Ahmedabad,Office Supplies,Stapler,5,437.1,0.15,1857.68,308.47
ORD-1061,2025-05-13,1068,Customer 1068,North,Delhi,New Delhi,Furniture,Table Lamp,4,1897.88,0.05,7211.94,1281.56
ORD-1062,2025-12-26,1027,Customer 1027,East,West Bengal,Kolkata,Furniture,Desk,4,15008.93,0.1,54032.15,3178.94
ORD-1063,2025-12-27,1190,Customer 1190,East,Bihar,Patna,Furniture,Bookshelf,5,7273.57,0.1,32731.06,4514.87
ORD-1064,2025-11-27,1236,Customer 1236,North,Uttar Pradesh,Lucknow,Furniture,Table Lamp,5,2845.09,0.1,12802.9,2082.22
ORD-1065,2025-09-30,1040,Customer 1040,South,Karnataka,Mysuru,Technology,Monitor,4,15455.15,0.05,58729.57,8359.71
ORD-1066,2025-01-24,1238,Customer 1238,East,Bihar,Patna,Technology,Headphones,4,5669.73,0.1,20411.03,2988.23
ORD-1067,2025-01-03,1141,Customer 1141,East,Jharkhand,Ranchi,Office Supplies,Pen Set,1,176.6,0.0,176.6,11.61
ORD-1068,2025-11-29,1169,Customer 1169,North,Delhi,New Delhi,Technology,Keyboard,1,2165.58,0.15,1840.74,46.87
ORD-1069,2025-05-20,1248,Customer 1248,South,Tamil Nadu,Chennai,Home Appliances,Blender,4,3265.21,0.1,11754.76,1167.28
ORD-1070,2025-03-08,1110,Customer 1110,North,Delhi,New Delhi,Home Appliances,Electric Kettle,3,2063.37,0.0,6190.11,792.51
ORD-1071,2025-04-22,1203,Customer 1203,West,Goa,Panaji,Home Appliances,Electric Kettle,3,3294.83,0.15,8401.82,665.67
ORD-1072,2025-07-01,1056,Customer 1056,North,Delhi,New Delhi,Office Supplies,Stapler,3,426.03,0.05,1214.19,248.78
ORD-1073,2025-06-05,1084,Customer 1084,South,Karnataka,Bengaluru,Technology,Laptop,3,74379.48,0.05,211981.52,12586.9
ORD-1074,2025-01-13,1114,Customer 1114,North,Uttar Pradesh,Noida,Home Appliances,Electric Kettle,3,2381.05,0.0,7143.15,605.29
ORD-1075,2025-08-20,1091,Customer 1091,North,Punjab,Amritsar,Technology,Headphones,4,4874.5,0.0,19498.0,1636.18
ORD-1076,2025-01-27,1083,Customer 1083,East,Odisha,Bhubaneswar,Office Supplies,Printer Paper,1,355.03,0.05,337.28,61.26
ORD-1077,2025-06-25,1011,Customer 1011,East,Bihar,Patna,Furniture,Office Chair,5,17487.76,0.05,83066.86,6016.76
ORD-1078,2025-02-17,1132,Customer 1132,East,West Bengal,Kolkata,Office Supplies,File Folder,1,43.32,0.0,43.32,4.22
ORD-1079,2025-02-05,1233,Customer 1233,East,Odisha,Bhubaneswar,Home Appliances,Blender,5,5554.73,0.15,23607.6,2924.5
ORD-1080,2025-10-04,1161,Customer 1161,South,Karnataka,Mysuru,Technology,Headphones,1,4853.54,0.0,4853.54,746.81
ORD-1081,2025-03-13,1027,Customer 1027,North,Haryana,Gurugram,Technology,Mouse,5,651.3,0.1,2930.85,332.97
ORD-1082,2025-10-21,1037,Customer 1037,East,Jharkhand,Ranchi,Office Supplies,Pen Set,3,322.0,0.15,821.1,122.07
ORD-1083,2025-01-27,1173,Customer 1173,East,Bihar,Patna,Office Supplies,Notebook,4,136.61,0.15,464.47,71.42
ORD-1084,2025-09-20,1115,Customer 1115,East,Odisha,Bhubaneswar,Office Supplies,Notebook,2,171.18,0.15,291.01,44.99
ORD-1085,2025-08-09,1229,Customer 1229,North,Uttar Pradesh,Lucknow,Office Supplies,Pen Set,4,490.41,0.05,1863.56,216.2
ORD-1086,2025-05-11,1248,Customer 1248,North,Delhi,New Delhi,Technology,Keyboard,2,1152.09,0.1,2073.76,425.92
ORD-1087,2025-04-14,1218,Customer 1218,East,Bihar,Patna,Furniture,Bookshelf,1,6364.82,0.1,5728.34,738.63
ORD-1088,2025-07-30,1167,Customer 1167,North,Punjab,Amritsar,Furniture,Desk,1,13288.74,0.0,13288.74,1210.16
ORD-1089,2025-06-25,1096,Customer 1096,South,Kerala,Thiruvananthapuram,Office Supplies,Printer Paper,2,270.03,0.15,459.05,29.26
ORD-1090,2025-12-22,1237,Customer 1237,South,Karnataka,Mysuru,Office Supplies,Pen Set,1,171.3,0.2,137.04,22.49
ORD-1091,2025-03-08,1080,Customer 1080,West,Goa,Panaji,Office Supplies,Stapler,5,272.51,0.1,1226.3,234.1
ORD-1092,2025-12-25,1214,Customer 1214,West,Goa,Panaji,Office Supplies,Notebook,1,286.35,0.1,257.72,16.02
ORD-1093,2025-07-10,1156,Customer 1156,West,Rajasthan,Jaipur,Office Supplies,Printer Paper,1,374.85,0.0,374.85,24.51
ORD-1094,2025-11-06,1089,Customer 1089,West,Gujarat,Surat,Home Appliances,Vacuum Cleaner,1,5526.42,0.0,5526.42,437.12
ORD-1095,2025-12-24,1094,Customer 1094,South,Telangana,Hyderabad,Technology,Keyboard,5,714.66,0.0,3573.3,557.03
ORD-1096,2025-06-05,1213,Customer 1213,North,Uttar Pradesh,Lucknow,Technology,Laptop,2,47380.5,0.05,90022.95,19109.12
ORD-1097,2025-10-20,1086,Customer 1086,South,Kerala,Kochi,Technology,Keyboard,4,1113.69,0.0,4454.76,810.3
ORD-1098,2025-06-09,1105,Customer 1105,North,Haryana,Faridabad,Furniture,Table Lamp,2,1009.85,0.0,2019.7,337.65
ORD-1099,2025-09-23,1060,Customer 1060,East,Jharkhand,Ranchi,Furniture,Bookshelf,1,10601.54,0.05,10071.46,2368.78
ORD-1100,2025-11-20,1132,Customer 1132,East,West Bengal,Kolkata,Furniture,Filing Cabinet,2,12318.64,0.2,19709.82,3750.21
ORD-1101,2025-03-13,1022,Customer 1022,West,Goa,Panaji,Technology,Headphones,1,2400.52,0.15,2040.44,341.93
ORD-1102,2025-06-24,1122,Customer 1122,North,Punjab,Amritsar,Office Supplies,Notebook,3,158.63,0.1,428.3,72.3
ORD-1103,2025-11-05,1016,Customer 1016,South,Karnataka,Mysuru,Office Supplies,Notebook,4,215.36,0.0,861.44,99.55
ORD-1104,2025-04-17,1130,Customer 1130,North,Haryana,Faridabad,Office Supplies,File Folder,5,126.19,0.0,630.95,121.07
ORD-1105,2025-03-19,1007,Customer 1007,South,Tamil Nadu,Chennai,Technology,Headphones,2,1428.58,0.1,2571.44,84.22
ORD-1106,2025-03-25,1189,Customer 1189,West,Maharashtra,Mumbai,Home Appliances,Microwave,2,14423.09,0.05,27403.87,2438.22
ORD-1107,2025-02-22,1091,Customer 1091,West,Rajasthan,Udaipur,Technology,Mouse,2,1044.96,0.15,1776.43,66.52
ORD-1108,2025-06-06,1180,Customer 1180,West,Gujarat,Surat,Technology,Monitor,3,11934.03,0.0,35802.09,5080.77
ORD-1109,2025-08-08,1224,Customer 1224,North,Haryana,Faridabad,Technology,Keyboard,4,986.9,0.0,3947.6,451.06
ORD-1110,2025-02-16,1019,Customer 1019,East,Jharkhand,Ranchi,Furniture,Desk,1,21193.97,0.1,19074.57,2840.94
ORD-1111,2025-04-16,1094,Customer 1094,South,Telangana,Hyderabad,Technology,Laptop,5,76451.72,0.15,324919.81,60980.39
ORD-1112,2025-10-16,1236,Customer 1236,South,Tamil Nadu,Chennai,Home Appliances,Vacuum Cleaner,2,13909.95,0.05,26428.9,5083.97
ORD-1113,2025-05-30,1016,Customer 1016,North,Haryana,Faridabad,Office Supplies,Printer Paper,2,537.17,0.1,966.91,58.31
ORD-1114,2025-01-18,1205,Customer 1205,North,Haryana,Gurugram,Technology,Keyboard,2,2147.57,0.0,4295.14,510.94
ORD-1115,2025-10-01,1006,Customer 1006,South,Tamil Nadu,Coimbatore,Home Appliances,Vacuum Cleaner,1,12078.62,0.0,12078.62,2682.41
ORD-1116,2025-10-22,1196,Customer 1196,North,Uttar Pradesh,Lucknow,Furniture,Bookshelf,5,5822.75,0.05,27658.06,2527.36
ORD-1117,2025-01-08,1167,Customer 1167,East,Odisha,Bhubaneswar,Home Appliances,Electric Kettle,1,2275.35,0.05,2161.58,220.55
ORD-1118,2025-10-09,1166,Customer 1166,North,Punjab,Ludhiana,Furniture,Office Chair,1,17057.2,0.05,16204.34,1480.09
ORD-1119,2025-10-02,1163,Customer 1163,North,Haryana,Faridabad,Technology,Headphones,1,1475.98,0.05,1402.18,85.07
ORD-1120,2025-03-08,1202,Customer 1202,West,Maharashtra,Nagpur,Office Supplies,Printer Paper,5,624.54,0.0,3122.7,430.73
ORD-1121,2025-06-21,1194,Customer 1194,East,Odisha,Bhubaneswar,Home Appliances,Blender,2,5861.31,0.1,10550.36,1392.03
ORD-1122,2025-01-10,1176,Customer 1176,West,Maharashtra,Pune,Technology,Headphones,5,6546.38,0.05,31095.3,5773.89
ORD-1123,2025-02-05,1074,Customer 1074,South,Kerala,Kochi,Office Supplies,Printer Paper,3,393.66,0.1,1062.88,83.97
ORD-1124,2025-12-05,1093,Customer 1093,North,Uttar Pradesh,Noida,Home Appliances,Electric Kettle,5,2777.13,0.1,12497.08,1491.71
ORD-1125,2025-02-19,1148,Customer 1148,South,Karnataka,Bengaluru,Furniture,Table Lamp,5,755.14,0.05,3586.91,665.08
ORD-1126,2025-06-24,1206,Customer 1206,South,Telangana,Hyderabad,Furniture,Desk,3,7151.07,0.05,20380.55,1086.27
ORD-1127,2025-06-28,1003,Customer 1003,South,Kerala,Thiruvananthapuram,Office Supplies,Printer Paper,4,547.4,0.1,1970.64,343.67
ORD-1128,2025-05-22,1139,Customer 1139,East,Jharkhand,Ranchi,Technology,Mouse,4,1031.27,0.05,3918.83,597.08
ORD-1129,2025-07-05,1104,Customer 1104,South,Telangana,Hyderabad,Technology,Laptop,5,64159.76,0.0,320798.8,60681.63
ORD-1130,2025-10-12,1237,Customer 1237,East,Odisha,Bhubaneswar,Technology,Keyboard,2,1985.36,0.1,3573.65,165.25
ORD-1131,2025-12-22,1060,Customer 1060,South,Tamil Nadu,Coimbatore,Home Appliances,Blender,4,3841.41,0.15,13060.79,1082.68
ORD-1132,2025-11-25,1171,Customer 1171,East,Bihar,Patna,Office Supplies,Printer Paper,3,505.13,0.0,1515.39,48.28
ORD-1133,2025-11-16,1042,Customer 1042,East,Bihar,Patna,Technology,Headphones,5,6599.91,0.15,28049.62,4568.73
ORD-1134,2025-07-23,1102,Customer 1102,West,Goa,Panaji,Furniture,Table Lamp,3,1258.24,0.2,3019.78,218.97
ORD-1135,2025-11-18,1041,Customer 1041,West,Maharashtra,Nagpur,Technology,Keyboard,3,1086.2,0.1,2932.74,461.96
ORD-1136,2025-04-27,1057,Customer 1057,North,Haryana,Faridabad,Office Supplies,Printer Paper,3,522.53,0.1,1410.83,200.79
ORD-1137,2025-07-28,1100,Customer 1100,East,Bihar,Patna,Home Appliances,Vacuum Cleaner,5,8927.86,0.1,40175.37,8321.34
ORD-1138,2025-10-15,1027,Customer 1027,East,West Bengal,Kolkata,Home Appliances,Blender,1,2600.06,0.05,2470.06,376.77
ORD-1139,2025-11-12,1166,Customer 1166,South,Telangana,Hyderabad,Technology,Laptop,1,82361.46,0.05,78243.39,5866.13
ORD-1140,2025-10-08,1196,Customer 1196,South,Tamil Nadu,Chennai,Technology,Mouse,2,826.74,0.05,1570.81,261.14
ORD-1141,2025-03-13,1210,Customer 1210,East,Odisha,Bhubaneswar,Technology,Mouse,3,810.75,0.15,2067.41,406.85
ORD-1142,2025-04-06,1079,Customer 1079,South,Telangana,Hyderabad,Furniture,Table Lamp,5,2427.93,0.1,10925.68,829.85
ORD-1143,2025-01-16,1249,Customer 1249,South,Tamil Nadu,Coimbatore,Home Appliances,Electric Kettle,1,2720.91,0.05,2584.86,554.9
ORD-1144,2025-11-17,1013,Customer 1013,East,Odisha,Bhubaneswar,Furniture,Filing Cabinet,1,11567.3,0.15,9832.2,1720.18
ORD-1145,2025-11-17,1060,Customer 1060,North,Haryana,Faridabad,Home Appliances,Microwave,5,16479.72,0.05,78278.67,11447.96
ORD-1146,2025-03-12,1140,Customer 1140,South,Tamil Nadu,Chennai,Office Supplies,Notebook,5,101.2,0.1,455.4,51.72
ORD-1147,2025-09-01,1006,Customer 1006,North,Uttar Pradesh,Lucknow,Technology,Laptop,2,72718.87,0.0,145437.74,18777.29
ORD-1148,2025-01-18,1092,Customer 1092,East,Bihar,Patna,Technology,Headphones,1,2727.51,0.0,2727.51,448.08
ORD-1149,2025-07-13,1088,Customer 1088,South,Karnataka,Bengaluru,Technology,Mouse,1,1551.18,0.1,1396.06,313.98
ORD-1150,2025-03-04,1167,Customer 1167,South,Karnataka,Mysuru,Office Supplies,File Folder,5,68.05,0.2,272.2,47.47
ORD-1151,2025-01-28,1026,Customer 1026,South,Kerala,Kochi,Home Appliances,Vacuum Cleaner,1,5415.96,0.0,5415.96,656.36
ORD-1152,2025-09-07,1195,Customer 1195,North,Uttar Pradesh,Noida,Technology,Monitor,1,9003.13,0.0,9003.13,471.32
ORD-1153,2025-03-19,1226,Customer 1226,South,Kerala,Thiruvananthapuram,Technology,Keyboard,4,1081.65,0.0,4326.6,549.46
ORD-1154,2025-07-05,1185,Customer 1185,East,West Bengal,Kolkata,Technology,Laptop,3,48674.01,0.05,138720.93,28646.12
ORD-1155,2025-12-25,1161,Customer 1161,East,West Bengal,Kolkata,Office Supplies,Stapler,2,121.03,0.05,229.96,13.94
ORD-1156,2025-10-07,1032,Customer 1032,South,Kerala,Kochi,Technology,Headphones,4,1657.63,0.0,6630.52,872.19
ORD-1157,2025-04-04,1111,Customer 1111,South,Tamil Nadu,Chennai,Furniture,Table Lamp,2,1919.61,0.05,3647.26,677.57
ORD-1158,2025-10-24,1165,Customer 1165,South,Kerala,Kozhikode,Office Supplies,Printer Paper,4,641.07,0.1,2307.85,379.15
ORD-1159,2025-11-13,1237,Customer 1237,East,West Bengal,Kolkata,Home Appliances,Air Cooler,5,10031.13,0.1,45140.08,7781.61
ORD-1160,2025-02-04,1098,Customer 1098,West,Goa,Panaji,Technology,Headphones,2,6015.03,0.2,9624.05,1539.94
ORD-1161,2025-06-25,1147,Customer 1147,South,Karnataka,Bengaluru,Home Appliances,Air Cooler,3,9923.19,0.05,28281.09,944.09
ORD-1162,2025-01-29,1111,Customer 1111,South,Kerala,Thiruvananthapuram,Technology,Keyboard,4,2203.04,0.0,8812.16,1498.53
ORD-1163,2025-05-03,1155,Customer 1155,South,Kerala,Thiruvananthapuram,Technology,Mouse,3,1611.98,0.0,4835.94,703.04
ORD-1164,2025-10-29,1209,Customer 1209,West,Gujarat,Surat,Home Appliances,Blender,3,2660.83,0.1,7184.24,809.1
ORD-1165,2025-05-16,1154,Customer 1154,South,Tamil Nadu,Coimbatore,Technology,Headphones,4,1247.69,0.1,4491.68,228.61
ORD-1166,2025-08-29,1224,Customer 1224,West,Rajasthan,Udaipur,Office Supplies,Stapler,3,409.68,0.15,1044.68,172.24
ORD-1167,2025-01-08,1237,Customer 1237,North,Uttar Pradesh,Noida,Office Supplies,File Folder,5,179.05,0.0,895.25,79.68
ORD-1168,2025-02-08,1125,Customer 1125,South,Telangana,Hyderabad,Office Supplies,Pen Set,4,357.1,0.15,1214.14,232.26
ORD-1169,2025-10-17,1164,Customer 1164,East,Jharkhand,Ranchi,Office Supplies,File Folder,2,102.67,0.1,184.81,26.27
ORD-1170,2025-11-02,1053,Customer 1053,East,Bihar,Patna,Technology,Monitor,3,10925.74,0.1,29499.5,4499.6
ORD-1171,2025-06-14,1173,Customer 1173,West,Rajasthan,Jaipur,Furniture,Bookshelf,2,9084.75,0.05,17261.02,3900.38
ORD-1172,2025-08-13,1175,Customer 1175,West,Rajasthan,Jaipur,Home Appliances,Microwave,2,13884.34,0.1,24991.81,3952.76
ORD-1173,2025-07-27,1115,Customer 1115,South,Telangana,Hyderabad,Furniture,Office Chair,4,10176.36,0.05,38670.17,7638.38
ORD-1174,2025-12-03,1049,Customer 1049,West,Maharashtra,Mumbai,Office Supplies,Printer Paper,2,638.84,0.1,1149.91,256.6
ORD-1175,2025-04-15,1023,Customer 1023,South,Karnataka,Mysuru,Furniture,Table Lamp,3,1435.12,0.0,4305.36,455.89
ORD-1176,2025-08-29,1039,Customer 1039,North,Punjab,Ludhiana,Office Supplies,Pen Set,2,398.8,0.15,677.96,157.31
ORD-1177,2025-11-08,1214,Customer 1214,East,Bihar,Patna,Furniture,Office Chair,3,6875.62,0.15,17532.83,2014.08
ORD-1178,2025-07-29,1071,Customer 1071,East,Jharkhand,Ranchi,Furniture,Office Chair,1,11281.53,0.0,11281.53,1382.57
ORD-1179,2025-12-10,1159,Customer 1159,South,Telangana,Hyderabad,Home Appliances,Air Cooler,2,9591.81,0.15,16306.08,3283.96
ORD-1180,2025-11-04,1025,Customer 1025,South,Karnataka,Mysuru,Home Appliances,Air Cooler,4,11322.29,0.0,45289.16,5713.86
ORD-1181,2025-02-04,1118,Customer 1118,North,Uttar Pradesh,Noida,Home Appliances,Air Cooler,1,8180.09,0.05,7771.09,1342.55
ORD-1182,2025-02-21,1177,Customer 1177,East,Bihar,Patna,Office Supplies,Pen Set,1,278.19,0.15,236.46,33.64
ORD-1183,2025-01-15,1207,Customer 1207,North,Punjab,Ludhiana,Technology,Laptop,2,72585.43,0.05,137912.32,16726.91
ORD-1184,2025-08-20,1135,Customer 1135,East,West Bengal,Kolkata,Home Appliances,Microwave,4,9475.24,0.0,37900.96,1724.56
ORD-1185,2025-08-30,1228,Customer 1228,North,Uttar Pradesh,Lucknow,Technology,Monitor,4,11949.71,0.15,40629.01,6445.06
ORD-1186,2025-04-14,1099,Customer 1099,South,Karnataka,Bengaluru,Office Supplies,Pen Set,4,440.44,0.05,1673.67,341.83
ORD-1187,2025-10-30,1049,Customer 1049,North,Uttar Pradesh,Lucknow,Home Appliances,Vacuum Cleaner,2,13908.27,0.2,22253.23,3692.85
ORD-1188,2025-04-16,1023,Customer 1023,North,Punjab,Amritsar,Home Appliances,Blender,3,3691.44,0.15,9413.17,1797.87
ORD-1189,2025-11-17,1237,Customer 1237,North,Haryana,Faridabad,Furniture,Office Chair,4,10555.57,0.05,40111.17,5621.07
ORD-1190,2025-04-30,1146,Customer 1146,North,Uttar Pradesh,Lucknow,Office Supplies,Stapler,1,125.58,0.05,119.3,10.62
ORD-1191,2025-09-22,1159,Customer 1159,West,Gujarat,Ahmedabad,Office Supplies,Stapler,4,367.52,0.0,1470.08,255.46
ORD-1192,2025-12-28,1044,Customer 1044,East,West Bengal,Kolkata,Technology,Laptop,2,82408.71,0.0,164817.42,24024.37
ORD-1193,2025-01-16,1071,Customer 1071,North,Uttar Pradesh,Lucknow,Office Supplies,Pen Set,1,385.38,0.15,327.57,12.36
ORD-1194,2025-04-04,1190,Customer 1190,South,Tamil Nadu,Coimbatore,Technology,Laptop,4,69463.06,0.1,250067.02,42400.16
ORD-1195,2025-08-22,1049,Customer 1049,West,Goa,Panaji,Home Appliances,Microwave,5,11604.63,0.05,55121.99,6544.31
ORD-1196,2025-08-05,1077,Customer 1077,East,West Bengal,Kolkata,Technology,Monitor,5,11132.4,0.2,44529.6,7918.54
ORD-1197,2025-02-22,1246,Customer 1246,North,Haryana,Faridabad,Office Supplies,Pen Set,3,413.0,0.1,1115.1,86.69
ORD-1198,2025-10-13,1195,Customer 1195,East,Bihar,Patna,Office Supplies,Pen Set,2,203.43,0.1,366.17,78.37
ORD-1199,2025-03-23,1140,Customer 1140,South,Telangana,Hyderabad,Office Supplies,File Folder,1,167.78,0.0,167.78,15.52
ORD-1200,2025-09-12,1245,Customer 1245,East,Jharkhand,Ranchi,Home Appliances,Microwave,1,9908.09,0.1,8917.28,600.66
